114.2772366,114.2772366,79.46267512,82.19364377,0.1,0.9,0,0,0,34.77363835,34.40583581,34.77349053,34.40560943,179.2108667,143.2318181
114.2772366,114.2772366,82.19364377,85.10896368,0.1,0.9,0,0,0,34.40583581,33.99492305,34.40560943,33.99464559,169.764795,148.9341693
138.2358044,138.2358044,79.46267512,82.19364377,0.1,0.9,0,0,0,34.77528745,34.4075775,34.77513949,34.40735095,179.1957533,143.2234507
138.2358044,138.2358044,82.19364377,85.10896368,0.1,0.9,0,0,0,34.4075775,33.99677593,34.40735095,33.99649825,169.7485455,148.923021
138.2358044,138.2358044,85.10896368,88.23030246,0.1,0.9,0,0,0,33.99677593,33.5382035,33.99649825,33.53790066,165.5541547,156.5559096
163.6187513,163.6187513,79.46267512,82.19364377,0.1,0.9,0,0,0,34.77703397,34.40942203,34.77688586,34.40919529,179.1797526,143.2145958
163.6187513,163.6187513,82.19364377,85.10896368,0.1,0.9,0,0,0,34.40942203,33.99873815,34.40919529,33.99846023,169.7313442,148.9112232
163.6187513,163.6187513,85.10896368,88.23030246,0.1,0.9,0,0,0,33.99873815,33.54030861,33.99846023,33.54000547,165.5349806,156.5405688
190.625,190.625,79.46267512,82.19364377,0.1,0.9,0,0,0,34.77889148,34.41138372,34.77874321,34.41115678,179.1627414,143.2051857
190.625,190.625,82.19364377,85.10896368,0.1,0.9,0,0,0,34.41138372,34.00082492,34.41115678,34.00054675,169.7130589,148.8986858
190.625,190.625,85.10896368,88.23030246,0.1,0.9,0,0,0,34.00082492,33.54254723,34.00054675,33.54224378,165.5146012,156.5242671
190.625,190.625,88.23030246,91.58299845,0.1,0.9,0,0,0,33.54254723,33.03024739,33.54224378,33.02994401,166.2850926,166.3352849
219.4971572,219.4971572,79.46267512,82.19364377,0.1,0.9,0,0,0,34.78087652,34.41348003,34.78072808,34.41325287,179.1445692,143.1951383
219.4971572,219.4971572,82.19364377,85.10896368,0.1,0.9,0,0,0,34.41348003,34.00305481,34.41325287,34.00277638,169.6935285,148.8852992
219.4971572,219.4971572,85.10896368,88.23030246,0.1,0.9,0,0,0,34.00305481,33.54493928,34.00277638,33.54463549,165.4928377,156.5068621
219.4971572,219.4971572,88.23030246,91.58299845,0.1,0.9,0,0,0,33.54493928,33.03283927,33.54463549,33.03253547,166.2598618,166.3128233
250.5349689,250.5349689,79.46267512,82.19364377,0.1,0.9,0,0,0,34.78300953,34.41573252,34.78286091,34.41550513,179.1250507,143.184352
284.1142757,284.1142757,79.46267512,82.19364377,0.1,0.9,0,0,0,34.78531612,34.41816822,34.7851673,34.41794059,179.1039534,143.1726995
284.1142757,284.1142757,82.19364377,85.10896368,0.1,0.9,0,0,0,34.41816822,34.00804143,34.41794059,34.0077624,169.6498869,148.8554029
284.1142757,284.1142757,85.10896368,88.23030246,0.1,0.9,0,0,0,34.00804143,33.55028809,34.0077624,33.54998354,165.4442193,156.4679949
284.1142757,284.1142757,88.23030246,91.58299845,0.1,0.9,0,0,0,33.55028809,33.03863434,33.54998354,33.03832958,166.2035152,166.2626721
284.1142757,284.1142757,91.58299845,95.19688857,0.1,0.9,0,0,0,33.03863434,32.46452669,33.03832958,32.46424764,171.8117593,178.5870532
320.7143544,320.7143544,79.46267512,82.19364377,0.1,0.9,0,0,0,34.78782893,34.42082159,34.78767989,34.42059369,179.080981,143.1600189
320.7143544,320.7143544,82.19364377,85.10896368,0.1,0.9,0,0,0,34.42082159,34.01086349,34.42059369,34.01058413,169.6252095,148.8385081
320.7143544,320.7143544,85.10896368,88.23030246,0.1,0.9,0,0,0,34.01086349,33.55331486,34.01058413,33.55300989,165.4167357,156.4460324
320.7143544,320.7143544,88.23030246,91.58299845,0.1,0.9,0,0,0,33.55331486,33.04191329,33.55300989,33.04160799,166.1716736,166.2343382
320.7143544,320.7143544,91.58299845,95.19688857,0.1,0.9,0,0,0,33.04191329,32.46812257,33.04160799,32.46784283,171.7732537,178.5503124
360.9584475,360.9584475,79.46267512,82.19364377,0.1,0.9,0,0,0,34.79059038,34.42373738,34.79044111,34.42350919,179.055749,143.1461001
360.9584475,360.9584475,82.19364377,85.10896368,0.1,0.9,0,0,0,34.42373738,34.01396451,34.42350919,34.01368477,169.5981099,148.8199635
360.9584475,360.9584475,85.10896368,88.23030246,0.1,0.9,0,0,0,34.01396451,33.5566406,34.01368477,33.55633516,165.386561,156.421927
360.9584475,360.9584475,88.23030246,91.58299845,0.1,0.9,0,0,0,33.5566406,33.04551581,33.55633516,33.04520991,166.1367231,166.2032436
360.9584475,360.9584475,91.58299845,95.19688857,0.1,0.9,0,0,0,33.04551581,32.47207288,33.04520991,32.47179238,171.7310013,178.5099996
360.9584475,360.9584475,95.19688857,99.10737368,0.1,0.9,0,0,0,32.47207288,31.82447332,32.47179238,31.8242462,182.2743529,193.8414203
405.6757736,405.6757736,79.46267512,82.19364377,0.1,0.9,0,0,0,34.79365689,34.42697513,34.79350737,34.42674661,179.0277461,143.1306639
405.6757736,405.6757736,82.19364377,85.10896368,0.1,0.9,0,0,0,34.42697513,34.01740773,34.42674661,34.01712758,169.5680407,148.7993971
405.6757736,405.6757736,85.10896368,88.23030246,0.1,0.9,0,0,0,34.01740773,33.56033308,34.01712758,33.56002712,165.353088,156.3951955
456,456,79.46267512,82.19364377,0.1,0.9,0,0,0,34.79710553,34.43061615,34.79695571,34.43038726,178.9962745,143.1133295
456,456,82.19364377,85.10896368,0.1,0.9,0,0,0,34.43061615,34.02127956,34.43038726,34.02099895,169.5342547,148.7763018
456,456,85.10896368,88.23030246,0.1,0.9,0,0,0,34.02127956,33.56448486,34.02099895,33.56417832,165.3154877,156.3651794
456,456,88.23030246,91.58299845,0.1,0.9,0,0,0,33.56448486,33.05401165,33.56417832,33.05370436,166.0544373,166.130059
456,456,91.58299845,95.19688857,0.1,0.9,0,0,0,33.05401165,32.48138715,33.05370436,32.48110486,171.6315756,178.4151512
456,456,95.19688857,99.10737368,0.1,0.9,0,0,0,32.48138715,31.83484327,32.48110486,31.83461382,182.1484669,193.716442
513.5327285,513.5327285,79.46267512,82.19364377,0.1,0.9,0,0,0,34.8010451,34.43477522,34.80089494,34.43454591,178.9603497,143.0935603
513.5327285,513.5327285,82.19364377,85.10896368,0.1,0.9,0,0,0,34.43477522,34.02570196,34.43454591,34.02542082,169.4956984,148.7499624
513.5327285,513.5327285,85.10896368,88.23030246,0.1,0.9,0,0,0,34.02570196,33.56922658,34.02542082,33.56891938,165.2725917,156.3309504
513.5327285,513.5327285,88.23030246,91.58299845,0.1,0.9,0,0,0,33.56922658,33.0591464,33.56891938,33.05883827,166.0047989,166.0859267
513.5327285,513.5327285,91.58299845,95.19688857,0.1,0.9,0,0,0,33.0591464,32.48701535,33.05883827,32.48673198,171.5716325,178.3579766
513.5327285,513.5327285,95.19688857,99.10737368,0.1,0.9,0,0,0,32.48701535,31.8411076,32.48673198,31.84087674,182.0726244,193.641146
580.630003,580.630003,85.10896368,88.23030246,0.1,0.9,0,0,0,34.03085414,33.5747502,34.03057239,33.57444222,165.2226854,156.2911472
580.630003,580.630003,88.23030246,91.58299845,0.1,0.9,0,0,0,33.5747502,33.06512706,33.57444222,33.06481794,165.9470719,166.0346178
580.630003,580.630003,91.58299845,95.19688857,0.1,0.9,0,0,0,33.06512706,32.49356962,33.06481794,32.49328499,171.5019549,178.2915252
580.630003,580.630003,95.19688857,99.10737368,0.1,0.9,0,0,0,32.49356962,31.84840096,32.49328499,31.84816848,181.9845154,193.5536716
580.630003,580.630003,99.10737368,103.3568058,0.1,0.9,0,0,0,31.84840096,31.11291561,31.84816848,31.11276695,197.8168276,212.5660023
660.9394004,660.9394004,79.46267512,82.19364377,0.1,0.9,0,0,0,34.8111239,34.44541441,34.8109729,34.44518404,178.868571,143.0431424
660.9394004,660.9394004,82.19364377,85.10896368,0.1,0.9,0,0,0,34.44541441,34.03701317,34.44518404,34.0367307,169.3972468,148.6827881
660.9394004,660.9394004,85.10896368,88.23030246,0.1,0.9,0,0,0,34.03701317,33.58135244,34.0367307,33.58104354,165.1631226,156.2436701
660.9394004,660.9394004,88.23030246,91.58299845,0.1,0.9,0,0,0,33.58135244,33.07227446,33.58104354,33.07196418,165.8782083,165.9734313
660.9394004,660.9394004,91.58299845,95.19688857,0.1,0.9,0,0,0,33.07227446,32.50140094,33.07196418,32.50111482,171.4188814,178.2123098
660.9394004,660.9394004,95.19688857,99.10737368,0.1,0.9,0,0,0,32.50140094,31.85711304,32.50111482,31.85687862,181.8795376,193.4494493
660.9394004,660.9394004,99.10737368,103.3568058,0.1,0.9,0,0,0,31.85711304,31.1228027,31.85687862,31.12265148,197.6770452,212.4248694
760.4977915,760.4977915,79.46267512,82.19364377,0.1,0.9,0,0,0,34.81791905,34.45258639,34.81776748,34.45235531,178.8067987,143.0092789
760.4977915,760.4977915,91.58299845,95.19688857,0.1,0.9,0,0,0,33.08111858,32.51108895,33.08080686,32.51080098,171.3163836,178.1145895
760.4977915,760.4977915,95.19688857,99.10737368,0.1,0.9,0,0,0,32.51108895,31.86788707,32.51080098,31.86765025,181.7501191,193.3209611
760.4977915,760.4977915,99.10737368,103.3568058,0.1,0.9,0,0,0,31.86788707,31.13502425,31.86765025,31.13486988,197.5048961,212.2510324
760.4977915,760.4977915,103.3568058,107.9963174,0.1,0.9,0,0,0,31.13502425,30.28787819,31.13486988,30.28784381,219.5228265,236.0874924
890.25,890.25,79.46267512,82.19364377,0.1,0.9,0,0,0,34.82676049,34.46191696,34.82660818,34.46168495,178.7265505,142.9653719
890.25,890.25,82.19364377,85.10896368,0.1,0.9,0,0,0,34.46191696,34.05455365,34.46168495,34.05426911,169.2450411,148.5791691
890.25,890.25,85.10896368,88.23030246,0.1,0.9,0,0,0,34.05455365,33.60015024,34.05426911,33.59983874,164.9940641,156.1090793
890.25,890.25,88.23030246,91.58299845,0.1,0.9,0,0,0,33.60015024,33.0926178,33.59983874,33.09230422,165.6829468,165.8000624
890.25,890.25,91.58299845,95.19688857,0.1,0.9,0,0,0,33.0926178,32.52368146,33.09230422,32.52339111,171.1836026,177.9880257
890.25,890.25,95.19688857,99.10737368,0.1,0.9,0,0,0,32.52368146,31.88188537,32.52339111,31.88164547,181.5826363,193.1546799
890.25,890.25,99.10737368,103.3568058,0.1,0.9,0,0,0,31.88188537,31.15089411,31.88164547,31.15073565,197.282404,212.0263178
890.25,890.25,103.3568058,107.9963174,0.1,0.9,0,0,0,31.15089411,30.30636285,31.15073565,30.30632296,219.2084524,235.7700271
114.2772366,114.2772366,79.46267512,82.19364377,0.25,0.75,0,0,0,33.3052437,32.93495094,33.30512798,32.93477686,168.1668922,152.4572679
138.2358044,138.2358044,79.46267512,82.19364377,0.25,0.75,0,0,0,33.30696691,32.93677884,33.30685082,32.93660428,168.1510862,152.4477729
138.2358044,138.2358044,82.19364377,85.10896368,0.25,0.75,0,0,0,32.93677884,32.52463612,32.93660428,32.52445478,162.3764239,159.4085386
163.6187513,163.6187513,79.46267512,82.19364377,0.25,0.75,0,0,0,33.30879182,32.93871455,33.30867534,32.93853949,168.1343547,152.4377265
163.6187513,163.6187513,82.19364377,85.10896368,0.25,0.75,0,0,0,32.93871455,32.52670529,32.93853949,32.52652331,162.3579728,159.3953757
190.625,190.625,79.46267512,82.19364377,0.25,0.75,0,0,0,33.3107326,32.94077309,33.3106157,32.9405975,168.116569,152.4270524
190.625,190.625,82.19364377,85.10896368,0.25,0.75,0,0,0,32.94077309,32.52890566,32.9405975,32.528723,162.338362,159.3813908
190.625,190.625,85.10896368,88.23030246,0.25,0.75,0,0,0,32.52890566,32.06996409,32.528723,32.06982505,161.3574042,168.1503543
219.4971572,219.4971572,79.46267512,82.19364377,0.25,0.75,0,0,0,33.31280651,32.94297276,33.31268916,32.94279659,168.0975725,152.4156576
219.4971572,219.4971572,82.19364377,85.10896368,0.25,0.75,0,0,0,32.94297276,32.53125678,32.94279659,32.53107338,162.3174196,159.3664622
250.5349689,250.5349689,85.10896368,88.23030246,0.25,0.75,0,0,0,32.53378276,32.07522432,32.53359857,32.07508333,161.3077388,168.1102731
250.5349689,250.5349689,88.23030246,91.58299845,0.25,0.75,0,0,0,32.07522432,31.56271801,32.07508333,31.56267227,164.9180436,178.9579456
284.1142757,284.1142757,79.46267512,82.19364377,0.25,0.75,0,0,0,33.31744441,32.94789158,33.31732607,32.94771414,168.0551251,152.3902185
284.1142757,284.1142757,82.19364377,85.10896368,0.25,0.75,0,0,0,32.94789158,32.53651385,32.94771414,32.53632881,162.2706363,159.3331353
284.1142757,284.1142757,85.10896368,88.23030246,0.25,0.75,0,0,0,32.53651385,32.07816967,32.53632881,32.0780276,161.2799614,168.0878671
284.1142757,284.1142757,88.23030246,91.58299845,0.25,0.75,0,0,0,32.07816967,31.56592931,32.0780276,31.56588217,164.8850069,178.9288983
320.7143544,320.7143544,79.46267512,82.19364377,0.25,0.75,0,0,0,33.32006919,32.95067515,33.31995029,32.95049699,168.0311235,152.3758478
320.7143544,320.7143544,82.19364377,85.10896368,0.25,0.75,0,0,0,32.95067515,32.53948858,32.95049699,32.53930263,162.2441906,159.3143098
320.7143544,320.7143544,85.10896368,88.23030246,0.25,0.75,0,0,0,32.53948858,32.08137755,32.53930263,32.08123429,161.249734,168.063494
320.7143544,320.7143544,88.23030246,91.58299845,0.25,0.75,0,0,0,32.08137755,31.56942651,32.08123429,31.56937785,164.8490657,178.8973054
320.7143544,320.7143544,91.58299845,95.19688857,0.25,0.75,0,0,0,31.56942651,30.99417319,31.56937785,30.99427561,173.0270629,192.2028544
360.9584475,360.9584475,79.46267512,82.19364377,0.25,0.75,0,0,0,33.32295347,32.95373376,33.32283395,32.95355481,168.0047667,152.3600784
360.9584475,360.9584475,82.19364377,85.10896368,0.25,0.75,0,0,0,32.95373376,32.54275703,32.95355481,32.54257007,162.215156,159.2936527
360.9584475,360.9584475,85.10896368,88.23030246,0.25,0.75,0,0,0,32.54275703,32.08490188,32.54257007,32.08475733,161.2165557,168.0367522
360.9584475,360.9584475,88.23030246,91.58299845,0.25,0.75,0,0,0,32.08490188,31.57326832,32.08475733,31.57321799,164.8096271,178.8626482
360.9584475,360.9584475,91.58299845,95.19688857,0.25,0.75,0,0,0,31.57326832,30.99841804,31.57321799,30.99851828,172.9781385,192.1573934
405.6757736,405.6757736,79.46267512,82.19364377,0.25,0.75,0,0,0,33.32615609,32.95712977,33.32603589,32.95694994,167.9755223,152.3425952
405.6757736,405.6757736,82.19364377,85.10896368,0.25,0.75,0,0,0,32.95712977,32.54638577,32.95694994,32.54619768,162.1829482,159.2707518
405.6757736,405.6757736,85.10896368,88.23030246,0.25,0.75,0,0,0,32.54638577,32.08881437,32.54619768,32.08866837,161.1797614,168.0071091
405.6757736,405.6757736,88.23030246,91.58299845,0.25,0.75,0,0,0,32.08881437,31.57753277,32.08866837,31.57748058,164.7659038,178.8242381
405.6757736,405.6757736,91.58299845,95.19688857,0.25,0.75,0,0,0,31.57753277,31.00312918,31.57748058,31.003227,172.9239191,192.1070232
456,456,79.46267512,82.19364377,0.25,0.75,0,0,0,33.32975746,32.96094835,33.32963649,32.96076753,167.9426639,152.322969
456,456,82.19364377,85.10896368,0.25,0.75,0,0,0,32.96094835,32.55046572,32.96076753,32.55027638,162.1467698,159.2450451
456,456,85.10896368,88.23030246,0.25,0.75,0,0,0,32.55046572,32.09321291,32.55027638,32.0930653,161.1384436,167.9738383
456,456,88.23030246,91.58299845,0.25,0.75,0,0,0,32.09321291,31.5823264,32.0930653,31.58227213,164.7168224,178.7811362
456,456,91.58299845,95.19688857,0.25,0.75,0,0,0,31.5823264,31.00842406,31.58227213,31.00851918,172.8630807,192.0505173
456,456,95.19688857,99.10737368,0.25,0.75,0,0,0,31.00842406,30.35835516,31.00851918,30.35866459,185.8116226,208.3476599
513.5327285,513.5327285,79.46267512,82.19364377,0.25,0.75,0,0,0,33.33387104,32.96530971,33.3337492,32.96512778,167.9051671,152.300595
513.5327285,513.5327285,82.19364377,85.10896368,0.25,0.75,0,0,0,32.96530971,32.55512519,32.96512778,32.55493442,162.1054969,159.2157408
513.5327285,513.5327285,85.10896368,88.23030246,0.25,0.75,0,0,0,32.55512519,32.09823567,32.55493442,32.09808622,161.0913238,167.9359169
513.5327285,513.5327285,88.23030246,91.58299845,0.25,0.75,0,0,0,32.09823567,31.58779954,32.09808622,31.5877429,164.660871,178.7320211
513.5327285,513.5327285,91.58299845,95.19688857,0.25,0.75,0,0,0,31.58779954,31.01446838,31.5877429,31.01456042,172.793759,191.9861499
513.5327285,513.5327285,95.19688857,99.10737368,0.25,0.75,0,0,0,31.01446838,30.36514611,31.01456042,30.36545146,185.7215968,208.2613454
580.630003,580.630003,79.46267512,82.19364377,0.25,0.75,0,0,0,33.33866357,32.9703905,33.33854071,32.97020727,167.8615284,152.2745866
580.630003,580.630003,82.19364377,85.10896368,0.25,0.75,0,0,0,32.9703905,32.56055271,32.97020727,32.56036027,162.0574801,159.1816784
580.630003,580.630003,85.10896368,88.23030246,0.25,0.75,0,0,0,32.56055271,32.1040856,32.56036027,32.10393402,161.0365265,167.8918456
580.630003,580.630003,88.23030246,91.58299845,0.25,0.75,0,0,0,32.1040856,31.59417299,32.10393402,31.5941136,164.5958329,178.6749559
580.630003,580.630003,91.58299845,95.19688857,0.25,0.75,0,0,0,31.59417299,31.02150547,31.5941136,31.02159392,172.7132229,191.9113928
580.630003,580.630003,95.19688857,99.10737368,0.25,0.75,0,0,0,31.02150547,30.37305017,31.02159392,30.37335078,185.6170768,208.1611541
580.630003,580.630003,99.10737368,103.3568058,0.25,0.75,0,0,0,30.37305017,29.62986949,30.37335078,29.63046149,203.9253799,228.2951053
660.9394004,660.9394004,79.46267512,82.19364377,0.25,0.75,0,0,0,33.34439286,32.9764638,33.3442688,32.97627902,167.8094261,152.2435768
660.9394004,660.9394004,82.19364377,85.10896368,0.25,0.75,0,0,0,32.9764638,32.56703968,32.97627902,32.56684525,162.000174,159.1410688
660.9394004,660.9394004,85.10896368,88.23030246,0.25,0.75,0,0,0,32.56703968,32.11107639,32.56684525,32.11092227,160.9711588,167.8393134
660.9394004,660.9394004,88.23030246,91.58299845,0.25,0.75,0,0,0,32.11107639,31.60178793,32.11092227,31.60172526,164.5182907,178.6069568
660.9394004,660.9394004,91.58299845,95.19688857,0.25,0.75,0,0,0,31.60178793,31.0299112,31.60172526,31.0299954,172.6172641,191.8223526
660.9394004,660.9394004,95.19688857,99.10737368,0.25,0.75,0,0,0,31.0299112,30.38248827,31.0299954,30.38278325,185.4926386,208.0418974
660.9394004,660.9394004,99.10737368,103.3568058,0.25,0.75,0,0,0,30.38248827,29.64071135,30.38278325,29.64129573,203.7550062,228.1295273
760.4977915,760.4977915,79.46267512,82.19364377,0.25,0.75,0,0,0,33.35148493,32.98398081,33.35135938,32.98379411,167.74503,152.2053147
760.4977915,760.4977915,82.19364377,85.10896368,0.25,0.75,0,0,0,32.98398081,32.57506752,32.98379411,32.57487064,161.9293817,159.0909661
760.4977915,760.4977915,85.10896368,88.23030246,0.25,0.75,0,0,0,32.57506752,32.11972614,32.57487064,32.11956888,160.8904534,167.7745162
760.4977915,760.4977915,88.23030246,91.58299845,0.25,0.75,0,0,0,32.11972614,31.61120774,32.11956888,31.61114104,164.422617,178.5231135
760.4977915,760.4977915,91.58299845,95.19688857,0.25,0.75,0,0,0,31.61120774,31.04030607,31.61114104,31.04038502,172.4989587,191.7126263
760.4977915,760.4977915,95.19688857,99.10737368,0.25,0.75,0,0,0,31.04030607,30.39415501,31.04038502,30.39444305,185.3393676,207.8950499
760.4977915,760.4977915,99.10737368,103.3568058,0.25,0.75,0,0,0,30.39415501,29.65410547,30.39444305,29.65468047,203.5454168,227.9258708
890.25,890.25,79.46267512,82.19364377,0.25,0.75,0,0,0,33.36071058,32.99375774,33.36058309,32.99356857,167.661425,152.1557459
890.25,890.25,82.19364377,85.10896368,0.25,0.75,0,0,0,32.99375774,32.58550692,32.99356857,32.58530687,161.8375306,159.0260645
890.25,890.25,85.10896368,88.23030246,0.25,0.75,0,0,0,32.58550692,32.13097166,32.58530687,32.13081035,160.785816,167.6906046
890.25,890.25,88.23030246,91.58299845,0.25,0.75,0,0,0,32.13097166,31.62345081,32.13081035,31.62337889,164.2986752,178.4145897
890.25,890.25,91.58299845,95.19688857,0.25,0.75,0,0,0,31.62345081,31.05381125,31.62337889,31.05388341,172.3458483,191.5706999
890.25,890.25,95.19688857,99.10737368,0.25,0.75,0,0,0,31.05381125,30.40930472,31.05388341,30.40958381,185.1412429,207.7052964
890.25,890.25,99.10737368,103.3568058,0.25,0.75,0,0,0,30.40930472,29.67148544,30.40958381,29.67204834,203.2749173,227.6630822
890.25,890.25,103.3568058,107.9963174,0.25,0.75,0,0,0,29.67148544,28.81220938,29.67204834,28.81315554,227.9946365,252.8480955
114.2772366,114.2772366,79.46267512,82.19364377,0.4,0.6,0,0,0,32.0780029,31.69908835,32.07799195,31.69910961,160.0303595,157.8771534
138.2358044,138.2358044,79.46267512,82.19364377,0.4,0.6,0,0,0,32.07981858,31.70102358,32.07980708,31.7010441,160.0135896,157.8658504
163.6187513,163.6187513,79.46267512,82.19364377,0.4,0.6,0,0,0,32.08174133,31.70307285,32.08172923,31.70309258,159.9958405,157.8538927
163.6187513,163.6187513,82.19364377,85.10896368,0.4,0.6,0,0,0,31.70307285,31.2828065,31.70309258,31.28292145,157.9096514,165.8060725
190.625,190.625,79.46267512,82.19364377,0.4,0.6,0,0,0,32.08378605,31.70525201,32.08377332,31.7052709,159.9769762,157.8411897
190.625,190.625,82.19364377,85.10896368,0.4,0.6,0,0,0,31.70525201,31.2851482,31.7052709,31.28526205,157.88829,165.7896932
219.4971572,219.4971572,79.46267512,82.19364377,0.4,0.6,0,0,0,32.0859709,31.70758041,32.08595749,31.70759842,159.9568314,157.8276312
219.4971572,219.4971572,82.19364377,85.10896368,0.4,0.6,0,0,0,31.70758041,31.28765013,31.70759842,31.28776282,157.8654825,165.772212
219.4971572,219.4971572,85.10896368,88.23030246,0.4,0.6,0,0,0,31.28765013,30.82043232,31.28776282,30.82070452,160.099811,175.4966788
250.5349689,250.5349689,79.46267512,82.19364377,0.4,0.6,0,0,0,32.08831832,31.71008195,32.08830419,31.71009899,159.9352017,157.8130812
250.5349689,250.5349689,82.19364377,85.10896368,0.4,0.6,0,0,0,31.71008195,31.29033794,31.71009899,31.29044937,157.8409985,165.7534537
250.5349689,250.5349689,85.10896368,88.23030246,0.4,0.6,0,0,0,31.29033794,30.82334875,31.29044937,30.82361931,160.0710625,175.4725088
284.1142757,284.1142757,79.46267512,82.19364377,0.4,0.6,0,0,0,32.09085643,31.71278655,32.09084152,31.71280256,159.9118314,157.7973693
284.1142757,284.1142757,82.19364377,85.10896368,0.4,0.6,0,0,0,31.71278655,31.29324374,31.71280256,31.29335381,157.8145495,165.7331991
284.1142757,284.1142757,85.10896368,88.23030246,0.4,0.6,0,0,0,31.29324374,30.82650145,31.29335381,30.82677024,160.0400139,175.4464141
284.1142757,284.1142757,88.23030246,91.58299845,0.4,0.6,0,0,0,30.82650145,30.30482893,30.82677024,30.30532645,166.4954995,187.2429422
320.7143544,320.7143544,79.46267512,82.19364377,0.4,0.6,0,0,0,32.09362107,31.71573236,32.09360531,31.71574726,159.8863946,157.7802789
320.7143544,320.7143544,82.19364377,85.10896368,0.4,0.6,0,0,0,31.71573236,31.29640848,31.71574726,31.29651708,157.7857683,165.7111693
360.9584475,360.9584475,82.19364377,85.10896368,0.4,0.6,0,0,0,31.71896896,31.29988534,31.71898262,31.29999232,157.754178,165.6870024
360.9584475,360.9584475,85.10896368,88.23030246,0.4,0.6,0,0,0,31.29988534,30.83370638,31.29999232,30.83397113,159.9691717,175.3869105
360.9584475,360.9584475,88.23030246,91.58299845,0.4,0.6,0,0,0,30.83370638,30.31273896,30.83397113,30.31323117,166.409055,187.1655826
360.9584475,360.9584475,91.58299845,95.19688857,0.4,0.6,0,0,0,30.31273896,29.7263862,30.31323117,29.72718623,177.1818766,201.463265
405.6757736,405.6757736,79.46267512,82.19364377,0.4,0.6,0,0,0,32.10003151,31.72256223,32.10001379,31.72257453,159.8274913,157.7407462
405.6757736,405.6757736,82.19364377,85.10896368,0.4,0.6,0,0,0,31.72256223,31.30374502,31.72257453,31.30385022,157.7191457,165.6602181
405.6757736,405.6757736,85.10896368,88.23030246,0.4,0.6,0,0,0,31.30374502,30.8378928,31.30385022,30.8381552,159.9280813,175.3524194
405.6757736,405.6757736,88.23030246,91.58299845,0.4,0.6,0,0,0,30.8378928,30.31733417,30.8381552,30.3178233,166.3589404,187.120757
405.6757736,405.6757736,91.58299845,95.19688857,0.4,0.6,0,0,0,30.31733417,29.73150649,30.3178233,29.73230244,177.1180941,201.4038928
456,456,79.46267512,82.19364377,0.4,0.6,0,0,0,32.10382377,31.72660218,32.1038049,31.72661295,159.7926964,157.7174221
456,456,82.19364377,85.10896368,0.4,0.6,0,0,0,31.72660218,31.30808409,31.72661295,31.30818728,157.6798075,165.6301619
456,456,85.10896368,88.23030246,0.4,0.6,0,0,0,31.30808409,30.84259861,31.30818728,30.84285839,159.8819561,175.3137219
456,456,88.23030246,91.58299845,0.4,0.6,0,0,0,30.84259861,30.32249871,30.84285839,30.32298439,166.3027075,187.0704783
456,456,91.58299845,95.19688857,0.4,0.6,0,0,0,30.32249871,29.73725999,30.32298439,29.73805136,177.0465592,201.3373235
513.5327285,513.5327285,79.46267512,82.19364377,0.4,0.6,0,0,0,32.10815492,31.73121582,32.10813473,31.73122484,159.7530032,157.6908402
513.5327285,513.5327285,82.19364377,85.10896368,0.4,0.6,0,0,0,31.73121582,31.31303878,31.73122484,31.31313968,157.6349467,165.5959119
513.5327285,513.5327285,85.10896368,88.23030246,0.4,0.6,0,0,0,31.31303878,30.84797136,31.31313968,30.84822816,159.8293757,175.2696342
513.5327285,513.5327285,88.23030246,91.58299845,0.4,0.6,0,0,0,30.84797136,30.32839416,30.84822816,30.32887592,166.2386335,187.0132139
513.5327285,513.5327285,91.58299845,95.19688857,0.4,0.6,0,0,0,30.32839416,29.74382626,30.32887592,29.74461241,176.9650935,201.2615375
513.5327285,513.5327285,95.19688857,99.10737368,0.4,0.6,0,0,0,29.74382626,29.07939687,29.74461241,29.08058511,192.4040211,218.6717816
580.630003,580.630003,79.46267512,82.19364377,0.4,0.6,0,0,0,32.1132003,31.73658972,32.11317858,31.73659672,159.7068264,157.6599508
580.630003,580.630003,82.19364377,85.10896368,0.4,0.6,0,0,0,31.73658972,31.31880923,31.73659672,31.31890748,157.5827783,165.5561174
580.630003,580.630003,85.10896368,88.23030246,0.4,0.6,0,0,0,31.31880923,30.85422773,31.31890748,30.85448105,159.7682573,175.2184219
580.630003,580.630003,88.23030246,91.58299845,0.4,0.6,0,0,0,30.85422773,30.33525783,30.85448105,30.33573503,166.1641936,186.9467189
580.630003,580.630003,91.58299845,95.19688857,0.4,0.6,0,0,0,30.33525783,29.75146887,30.33573503,29.75224898,176.8705074,201.1735791
580.630003,580.630003,95.19688857,99.10737368,0.4,0.6,0,0,0,29.75146887,29.08807385,29.75224898,29.08925391,192.2779187,218.5519198
660.9394004,660.9394004,79.46267512,82.19364377,0.4,0.6,0,0,0,32.11923097,31.7430123,32.11920743,31.74301689,159.6517191,157.6231361
660.9394004,660.9394004,82.19364377,85.10896368,0.4,0.6,0,0,0,31.7430123,31.32570475,31.74301689,31.32579983,157.5205491,165.5086973
660.9394004,660.9394004,85.10896368,88.23030246,0.4,0.6,0,0,0,31.32570475,30.86170254,31.32579983,30.86195173,159.6953901,175.1574133
660.9394004,660.9394004,99.10737368,103.3568058,0.4,0.6,0,0,0,29.09843059,28.33521207,29.09960091,28.33690602,213.0444047,239.9268767
760.4977915,760.4977915,79.46267512,82.19364377,0.4,0.6,0,0,0,32.12669475,31.75096,32.12666896,31.75096162,159.5836472,157.5777333
760.4977915,760.4977915,82.19364377,85.10896368,0.4,0.6,0,0,0,31.75096,31.33423617,31.75096162,31.33432736,157.4437225,165.450227
760.4977915,760.4977915,85.10896368,88.23030246,0.4,0.6,0,0,0,31.33423617,30.87094863,31.33432736,30.87119273,159.6054871,175.0822139
760.4977915,760.4977915,88.23030246,91.58299845,0.4,0.6,0,0,0,30.87094863,30.35359461,30.87119273,30.35405971,165.9661468,186.7699859
760.4977915,760.4977915,91.58299845,95.19688857,0.4,0.6,0,0,0,30.35359461,29.77187607,30.35405971,29.77264012,176.6191694,200.9400264
760.4977915,760.4977915,95.19688857,99.10737368,0.4,0.6,0,0,0,29.77187607,29.1112264,29.77264012,29.11238476,191.9433561,218.2340897
760.4977915,760.4977915,99.10737368,103.3568058,0.4,0.6,0,0,0,29.1112264,28.35011201,29.11238476,28.35178931,212.7843514,239.677756
890.25,890.25,79.46267512,82.19364377,0.4,0.6,0,0,0,32.13640171,31.76129444,32.13637302,31.7612922,159.4953327,157.5189497
890.25,890.25,82.19364377,85.10896368,0.4,0.6,0,0,0,31.76129444,31.34532714,31.7612922,31.34541329,157.3441202,165.3745437
890.25,890.25,85.10896368,88.23030246,0.4,0.6,0,0,0,31.34532714,30.88296532,31.34541329,30.88320283,159.4890253,174.9849186
138.2358044,138.2358044,79.46267512,82.19364377,0.5,0.5,0,0,0,31.35256796,30.96525711,31.35261822,30.96540685,156.0692383,160.1249358
163.6187513,163.6187513,79.46267512,82.19364377,0.5,0.5,0,0,0,31.35456472,30.96739283,31.3546143,30.96754166,156.0506252,160.1113415
163.6187513,163.6187513,82.19364377,85.10896368,0.5,0.5,0,0,0,30.96739283,30.53849222,30.96754166,30.53880641,156.3974377,168.6811513
190.625,190.625,79.46267512,82.19364377,0.5,0.5,0,0,0,31.35668806,30.96966384,31.35673692,30.96981168,156.0308452,160.0969011
190.625,190.625,82.19364377,85.10896368,0.5,0.5,0,0,0,30.96966384,30.5409423,30.96981168,30.54125518,156.3746191,168.6626849
219.4971572,219.4971572,79.46267512,82.19364377,0.5,0.5,0,0,0,31.35895683,30.97209026,31.35900492,30.97223707,156.0097252,160.0814896
219.4971572,219.4971572,82.19364377,85.10896368,0.5,0.5,0,0,0,30.97209026,30.54355989,30.97223707,30.54387138,156.3502594,168.6429784
219.4971572,219.4971572,85.10896368,88.23030246,0.5,0.5,0,0,0,30.54355989,30.0671555,30.54387138,30.06770138,160.7015214,178.9907055
250.5349689,250.5349689,79.46267512,82.19364377,0.5,0.5,0,0,0,31.36139432,30.97469698,31.36144158,30.97484267,155.9870518,160.0649526
250.5349689,250.5349689,82.19364377,85.10896368,0.5,0.5,0,0,0,30.97469698,30.54637179,30.97484267,30.54668178,156.3241133,168.6218349
250.5349689,250.5349689,85.10896368,88.23030246,0.5,0.5,0,0,0,30.54637179,30.07022044,30.54668178,30.07076433,160.6702599,178.9635179
284.1142757,284.1142757,79.46267512,82.19364377,0.5,0.5,0,0,0,31.36402969,30.97751516,31.36407607,30.97765964,155.9625576,160.047097
284.1142757,284.1142757,82.19364377,85.10896368,0.5,0.5,0,0,0,30.97751516,30.54941156,30.97765964,30.54971994,156.2958736,168.5990079
284.1142757,284.1142757,85.10896368,88.23030246,0.5,0.5,0,0,0,30.54941156,30.07353344,30.54971994,30.07407519,160.6365038,178.9341702
320.7143544,320.7143544,79.46267512,82.19364377,0.5,0.5,0,0,0,31.36690013,30.98058451,31.36694553,30.98072767,155.9359022,160.027677
320.7143544,320.7143544,82.19364377,85.10896368,0.5,0.5,0,0,0,30.98058451,30.55272198,30.98072767,30.55302861,156.2651495,168.5741839
360.9584475,360.9584475,82.19364377,85.10896368,0.5,0.5,0,0,0,30.98395662,30.55635863,30.98409834,30.55666334,156.2314335,168.546956
360.9584475,360.9584475,85.10896368,88.23030246,0.5,0.5,0,0,0,30.55635863,30.08110376,30.55666334,30.08164062,160.5595085,178.8672676
360.9584475,360.9584475,88.23030246,91.58299845,0.5,0.5,0,0,0,30.08110376,29.54986373,30.08164062,29.55071022,168.8778366,191.2993275
405.6757736,405.6757736,79.46267512,82.19364377,0.5,0.5,0,0,0,31.37355532,30.98770008,31.37359848,30.98784021,155.8741947,159.9827641
405.6757736,405.6757736,82.19364377,85.10896368,0.5,0.5,0,0,0,30.98770008,30.56039538,30.98784021,30.56069795,156.1940521,168.5167846
405.6757736,405.6757736,85.10896368,88.23030246,0.5,0.5,0,0,0,30.56039538,30.08550189,30.56069795,30.08603592,160.5148649,178.8284995
405.6757736,405.6757736,88.23030246,91.58299845,0.5,0.5,0,0,0,30.08550189,29.55471705,30.08603592,29.55555976,168.8224175,191.2488017
405.6757736,405.6757736,91.58299845,95.19688857,0.5,0.5,0,0,0,29.55471705,28.95653542,29.55555976,28.95777917,181.3201327,206.263636
456,456,79.46267512,82.19364377,0.5,0.5,0,0,0,31.377492,30.99190857,31.37753384,30.99204691,155.8377552,159.9562713
456,456,82.19364377,85.10896368,0.5,0.5,0,0,0,30.99190857,30.5649331,30.99204691,30.56523328,156.1520867,168.4829339
456,456,85.10896368,88.23030246,0.5,0.5,0,0,0,30.5649331,30.09044516,30.56523328,30.09097601,160.464765,178.785014
456,456,88.23030246,91.58299845,0.5,0.5,0,0,0,30.09044516,29.56017096,30.09097601,29.56100944,168.7602521,191.1921462
456,456,91.58299845,95.19688857,0.5,0.5,0,0,0,29.56017096,28.9626511,29.56100944,28.96388914,181.2396287,206.1880688
513.5327285,513.5327285,79.46267512,82.19364377,0.5,0.5,0,0,0,31.38198775,30.99671426,31.38202809,30.99685056,155.7961966,159.9260834
513.5327285,513.5327285,82.19364377,85.10896368,0.5,0.5,0,0,0,30.99671426,30.5701141,30.99685056,30.57041156,156.1042432,168.4443685
513.5327285,513.5327285,85.10896368,88.23030246,0.5,0.5,0,0,0,30.5701141,30.09608834,30.57041156,30.09661558,160.4076713,178.7354848
513.5327285,513.5327285,88.23030246,91.58299845,0.5,0.5,0,0,0,30.09608834,29.56639585,30.09661558,29.56722951,168.6894431,191.1276401
513.5327285,513.5327285,91.58299845,95.19688857,0.5,0.5,0,0,0,29.56639585,28.96962943,29.56722951,28.97086097,181.1479865,206.1020743
580.630003,580.630003,79.46267512,82.19364377,0.5,0.5,0,0,0,31.38722442,31.00231131,31.38726302,31.00244524,155.7478639,159.8910104
580.630003,580.630003,82.19364377,85.10896368,0.5,0.5,0,0,0,31.00231131,30.57614743,31.00244524,30.57644173,156.0486243,168.3995715
580.630003,580.630003,85.10896368,88.23030246,0.5,0.5,0,0,0,30.57614743,30.10265871,30.57644173,30.10318175,160.3413306,178.6779696
580.630003,580.630003,88.23030246,91.58299845,0.5,0.5,0,0,0,30.10265871,29.57364184,30.10318175,29.57446991,168.607212,191.0527647
580.630003,580.630003,91.58299845,95.19688857,0.5,0.5,0,0,0,29.57364184,28.97774996,29.57446991,28.97897396,181.0416354,206.0023143
580.630003,580.630003,95.19688857,99.10737368,0.5,0.5,0,0,0,28.97774996,28.29872475,28.97897396,28.30046069,198.1657123,224.2619495
660.9394004,660.9394004,79.46267512,82.19364377,0.5,0.5,0,0,0,31.39348309,31.0089998,31.39351961,31.00913092,155.6902041,159.8492192
660.9394004,660.9394004,82.19364377,85.10896368,0.5,0.5,0,0,0,31.0089998,30.58335608,31.00913092,30.58364662,155.9823047,168.3462061
660.9394004,660.9394004,85.10896368,88.23030246,0.5,0.5,0,0,0,30.58335608,30.1105074,30.58364662,30.11102545,160.2622706,178.6094776
660.9394004,660.9394004,88.23030246,91.58299845,0.5,0.5,0,0,0,30.1105074,29.58229525,30.11102545,29.58311668,168.5092797,190.9636433
660.9394004,660.9394004,91.58299845,95.19688857,0.5,0.5,0,0,0,29.58229525,28.98744427,29.58311668,28.98865932,180.9150809,205.8836549
760.4977915,760.4977915,85.10896368,88.23030246,0.5,0.5,0,0,0,30.59227346,30.12021407,30.59255936,30.12072597,160.1647768,178.5250918
760.4977915,760.4977915,88.23030246,91.58299845,0.5,0.5,0,0,0,30.12021407,29.59299365,30.12072597,29.59380689,168.3886103,190.8539064
760.4977915,760.4977915,91.58299845,95.19688857,0.5,0.5,0,0,0,29.59299365,28.99942431,29.59380689,29.00062834,180.759298,205.7376682
760.4977915,760.4977915,95.19688857,99.10737368,0.5,0.5,0,0,0,28.99942431,28.32351764,29.00062834,28.3252261,197.7827545,223.8974867
760.4977915,760.4977915,99.10737368,103.3568058,0.5,0.5,0,0,0,28.32351764,27.54125079,28.3252261,27.54361827,220.5089873,246.5134266
890.25,890.25,79.46267512,82.19364377,0.5,0.5,0,0,0,31.41129922,31.0280342,31.41132988,31.02815736,155.5266933,159.7310059
890.25,890.25,82.19364377,85.10896368,0.5,0.5,0,0,0,31.0280342,30.60386373,31.02815736,30.60414365,155.7944284,168.195327
890.25,890.25,85.10896368,88.23030246,0.5,0.5,0,0,0,30.60386373,30.13282619,30.60414365,30.13333015,160.0385638,178.4159725
890.25,890.25,88.23030246,91.58299845,0.5,0.5,0,0,0,30.13282619,29.60688861,30.13333015,29.60769129,168.2325533,190.7121129
890.25,890.25,91.58299845,95.19688857,0.5,0.5,0,0,0,29.60688861,29.01497527,29.60769129,29.0161651,180.5580809,205.5492319
163.6187513,163.6187513,79.46267512,82.19364377,0.6,0.4,0,0,0,30.68164856,30.28395048,30.68173824,30.28419532,153.2063983,161.5164874
190.625,190.625,79.46267512,82.19364377,0.6,0.4,0,0,0,30.68385764,30.28632243,30.68394656,30.28656623,153.1855069,161.4999835
190.625,190.625,82.19364377,85.10896368,0.6,0.4,0,0,0,30.28632243,29.84670098,30.28656623,29.84716456,155.9298548,170.6902475
219.4971572,219.4971572,79.46267512,82.19364377,0.6,0.4,0,0,0,30.68621792,30.2888566,30.68630604,30.28909928,153.1632037,161.4823711
219.4971572,219.4971572,82.19364377,85.10896368,0.6,0.4,0,0,0,30.2888566,29.84944677,30.28909928,29.84990882,155.9036323,170.6678587
250.5349689,250.5349689,79.46267512,82.19364377,0.6,0.4,0,0,0,30.68875362,30.29157892,30.68884087,30.2918204,153.1392639,161.4634743
250.5349689,250.5349689,82.19364377,85.10896368,0.6,0.4,0,0,0,30.29157892,29.85239619,30.2918204,29.85285662,155.8754917,170.6438402
250.5349689,250.5349689,85.10896368,88.23030246,0.6,0.4,0,0,0,29.85239619,29.36447741,29.85285662,29.36522729,162.3095359,181.6337099
284.1142757,284.1142757,79.46267512,82.19364377,0.6,0.4,0,0,0,30.69149504,30.29452191,30.69158136,30.2947621,153.113406,161.4430727
284.1142757,284.1142757,82.19364377,85.10896368,0.6,0.4,0,0,0,30.29452191,29.85558443,30.2947621,29.8560431,155.8451036,170.6179128
284.1142757,284.1142757,85.10896368,88.23030246,0.6,0.4,0,0,0,29.85558443,29.36796973,29.8560431,29.36871722,162.2725345,181.6003912
320.7143544,320.7143544,79.46267512,82.19364377,0.6,0.4,0,0,0,30.69448082,30.297727,30.69456614,30.29796579,153.0852719,161.4208861
320.7143544,320.7143544,82.19364377,85.10896368,0.6,0.4,0,0,0,30.297727,29.8590563,30.29796579,29.85951305,155.8120487,170.589721
320.7143544,320.7143544,85.10896368,88.23030246,0.6,0.4,0,0,0,29.8590563,29.37177228,29.85951305,29.37251718,162.2322979,181.5641703
320.7143544,320.7143544,88.23030246,91.58299845,0.6,0.4,0,0,0,29.37177228,28.82677622,29.37251718,28.82789071,172.4252399,194.7125782
360.9584475,360.9584475,79.46267512,82.19364377,0.6,0.4,0,0,0,30.69776118,30.30124802,30.69784539,30.30148527,153.0543965,161.3965508
360.9584475,360.9584475,82.19364377,85.10896368,0.6,0.4,0,0,0,30.30124802,29.86287001,30.30148527,29.86332466,155.7757832,170.5588041
360.9584475,360.9584475,85.10896368,88.23030246,0.6,0.4,0,0,0,29.86287001,29.3759487,29.86332466,29.37669077,162.1881672,181.5244572
405.6757736,405.6757736,85.10896368,88.23030246,0.6,0.4,0,0,0,29.86710293,29.38058356,29.86755525,29.38132248,162.1392682,181.4804694
405.6757736,405.6757736,88.23030246,91.58299845,0.6,0.4,0,0,0,29.38058356,28.83655826,29.38132248,28.83766463,172.3076304,194.6030239
456,456,79.46267512,82.19364377,0.6,0.4,0,0,0,30.70549696,30.30955017,30.70557858,30.30978379,152.9817278,161.339329
456,456,82.19364377,85.10896368,0.6,0.4,0,0,0,30.30955017,29.87186071,30.30978379,29.87231043,155.6904697,170.4861274
456,456,85.10896368,88.23030246,0.6,0.4,0,0,0,29.87186071,29.3857923,29.87231043,29.3865277,162.0844095,181.431141
456,456,88.23030246,91.58299845,0.6,0.4,0,0,0,29.3857923,28.84233918,29.3865277,28.84344077,172.2383242,194.5384944
456,456,91.58299845,95.19688857,0.6,0.4,0,0,0,28.84233918,28.22892788,28.84344077,28.23049537,186.4633176,210.3511019
513.5327285,513.5327285,79.46267512,82.19364377,0.6,0.4,0,0,0,30.71017215,30.31456685,30.71025219,30.31479829,152.9379064,161.3048594
513.5327285,513.5327285,82.19364377,85.10896368,0.6,0.4,0,0,0,30.31456685,29.87729239,30.31479829,29.87773914,155.6390512,170.4423621
513.5327285,513.5327285,85.10896368,88.23030246,0.6,0.4,0,0,0,29.87729239,29.39173778,29.87773914,29.39246917,162.0219142,181.374972
513.5327285,513.5327285,88.23030246,91.58299845,0.6,0.4,0,0,0,29.39173778,28.84893623,29.39246917,28.85003239,172.1594125,194.4650482
513.5327285,513.5327285,91.58299845,95.19688857,0.6,0.4,0,0,0,28.84893623,28.23637783,28.85003239,28.23793786,186.3592938,210.2523421
580.630003,580.630003,79.46267512,82.19364377,0.6,0.4,0,0,0,30.71561732,30.32040902,30.71569555,30.32063794,152.8869589,161.2648193
580.630003,580.630003,82.19364377,85.10896368,0.6,0.4,0,0,0,30.32040902,29.88361685,30.32063794,29.88406015,155.5792978,170.3915376
580.630003,580.630003,85.10896368,88.23030246,0.6,0.4,0,0,0,29.88361685,29.39865907,29.88406015,29.39938581,161.9493258,181.3097669
580.630003,580.630003,88.23030246,91.58299845,0.6,0.4,0,0,0,29.39865907,28.85661402,29.39938581,28.85770388,172.067813,194.379829
580.630003,580.630003,91.58299845,95.19688857,0.6,0.4,0,0,0,28.85661402,28.24504512,28.85770388,28.24659649,186.2386384,210.1378304
580.630003,580.630003,95.19688857,99.10737368,0.6,0.4,0,0,0,28.24504512,27.54590229,28.24659649,27.54804548,205.1362824,229.4245259
660.9394004,660.9394004,79.46267512,82.19364377,0.6,0.4,0,0,0,30.72212451,30.32738958,30.72220057,30.32761548,152.8262032,161.21712
660.9394004,660.9394004,82.19364377,85.10896368,0.6,0.4,0,0,0,30.32738958,29.89117225,30.32761548,29.89161146,155.5080781,170.3310094
660.9394004,660.9394004,85.10896368,88.23030246,0.6,0.4,0,0,0,29.89117225,29.40692551,29.89161146,29.40764671,161.8628605,181.2321459
660.9394004,660.9394004,88.23030246,91.58299845,0.6,0.4,0,0,0,29.40692551,28.86578112,29.40764671,28.86686349,171.9587813,194.2784425
660.9394004,660.9394004,91.58299845,95.19688857,0.6,0.4,0,0,0,28.86578112,28.25538929,28.86686349,28.2569304,186.0951526,210.001704
660.9394004,660.9394004,95.19688857,99.10737368,0.6,0.4,0,0,0,28.25538929,27.55785115,28.2569304,27.55997991,204.9375701,229.2343543
760.4977915,760.4977915,79.46267512,82.19364377,0.6,0.4,0,0,0,30.73017601,30.33602521,30.73024941,30.33624741,152.7512215,161.1583256
760.4977915,760.4977915,82.19364377,85.10896368,0.6,0.4,0,0,0,30.33602521,29.90051691,30.33624741,29.90095107,155.4202381,170.2564299
760.4977915,760.4977915,85.10896368,88.23030246,0.6,0.4,0,0,0,29.90051691,29.41714663,29.90095107,29.41786103,161.7562953,181.1365553
760.4977915,760.4977915,99.10737368,103.3568058,0.6,0.4,0,0,0,27.57260164,26.76327569,27.57471269,26.76614945,229.4503424,253.03568
890.25,890.25,79.46267512,82.19364377,0.6,0.4,0,0,0,30.74064397,30.34725002,30.74071393,30.34746743,152.6540532,161.082256
890.25,890.25,82.19364377,85.10896368,0.6,0.4,0,0,0,30.34725002,29.91265982,30.34746743,29.91308746,155.3064982,170.1599825
890.25,890.25,85.10896368,88.23030246,0.6,0.4,0,0,0,29.91265982,29.43042364,29.91308746,29.43112924,161.6184372,181.0130171
890.25,890.25,88.23030246,91.58299845,0.6,0.4,0,0,0,29.43042364,28.89182264,29.43112924,28.89288392,171.6510303,193.992569
890.25,890.25,91.58299845,95.19688857,0.6,0.4,0,0,0,28.89182264,28.28474894,28.89288392,28.28626118,185.6909177,209.6185155
890.25,890.25,95.19688857,99.10737368,0.6,0.4,0,0,0,28.28474894,27.59172327,28.28626118,27.59381156,204.3791636,228.7002927
890.25,890.25,99.10737368,103.3568058,0.6,0.4,0,0,0,27.59172327,26.78605668,27.59381156,26.78889725,228.9875726,252.5928073
163.6187513,163.6187513,79.46267512,82.19364377,0.75,0.25,0,0,0,29.7511089,29.33398352,29.7512071,29.3342702,150.8836136,162.1997681
190.625,190.625,79.46267512,82.19364377,0.75,0.25,0,0,0,29.75346018,29.33652495,29.75355773,29.33681068,150.8605835,162.1794802
219.4971572,219.4971572,79.46267512,82.19364377,0.75,0.25,0,0,0,29.75597223,29.33923998,29.75606908,29.33952468,150.8360032,162.1578324
219.4971572,219.4971572,82.19364377,85.10896368,0.75,0.25,0,0,0,29.33923998,28.87938566,29.33952468,28.87991271,157.1093021,172.3549828
250.5349689,250.5349689,79.46267512,82.19364377,0.75,0.25,0,0,0,29.75867079,29.34215634,29.75876689,29.34243996,150.8096265,162.1346091
250.5349689,250.5349689,82.19364377,85.10896368,0.75,0.25,0,0,0,29.34215634,28.88256893,29.34243996,28.88309444,157.0773666,172.3255837
284.1142757,284.1142757,79.46267512,82.19364377,0.75,0.25,0,0,0,29.76158806,29.34530882,29.76168335,29.34559126,150.781145,162.1095402
284.1142757,284.1142757,82.19364377,85.10896368,0.75,0.25,0,0,0,29.34530882,28.88600957,29.34559126,28.88653342,157.0428915,172.2938543
284.1142757,284.1142757,85.10896368,88.23030246,0.75,0.25,0,0,0,28.88600957,28.37602622,28.88653342,28.37685338,166.5500699,184.3556194
320.7143544,320.7143544,79.46267512,82.19364377,0.75,0.25,0,0,0,29.76476512,29.34874173,29.76485953,29.34902289,150.7501661,162.0822823
320.7143544,320.7143544,82.19364377,85.10896368,0.75,0.25,0,0,0,29.34874173,28.88975585,29.34902289,28.8902779,157.0054042,172.2593615
320.7143544,320.7143544,85.10896368,88.23030246,0.75,0.25,0,0,0,28.88975585,28.38016485,28.8902779,28.38098949,166.5031311,184.311172
360.9584475,360.9584475,79.46267512,82.19364377,0.75,0.25,0,0,0,29.76825531,29.35251262,29.76834875,29.35279238,150.7161808,162.0523899
360.9584475,360.9584475,82.19364377,85.10896368,0.75,0.25,0,0,0,29.35251262,28.89387047,29.35279238,28.89439053,156.9642912,172.2215434
360.9584475,360.9584475,85.10896368,88.23030246,0.75,0.25,0,0,0,28.89387047,28.38470967,28.89439053,28.38553156,166.4516713,184.2624544
360.9584475,360.9584475,88.23030246,91.58299845,0.75,0.25,0,0,0,28.38470967,27.8145883,28.38553156,27.81578696,179.4123072,198.6133239
405.6757736,405.6757736,79.46267512,82.19364377,0.75,0.25,0,0,0,29.77212953,29.35669798,29.77222191,29.35697619,150.6785131,162.0192718
405.6757736,405.6757736,82.19364377,85.10896368,0.75,0.25,0,0,0,29.35669798,28.89843673,29.35697619,28.89895461,156.9187389,172.179655
405.6757736,405.6757736,85.10896368,88.23030246,0.75,0.25,0,0,0,28.89843673,28.38975249,28.89895461,28.39057134,166.3946778,184.2085112
405.6757736,405.6757736,88.23030246,91.58299845,0.75,0.25,0,0,0,28.38975249,27.8202444,28.39057134,27.82143881,179.338235,198.5420589
456,456,79.46267512,82.19364377,0.75,0.25,0,0,0,29.77648462,29.36140227,29.7765758,29.36167873,150.6362417,161.9821228
456,456,82.19364377,85.10896368,0.75,0.25,0,0,0,29.36140227,28.90356837,29.36167873,28.9040838,156.8676386,172.1326813
456,456,85.10896368,88.23030246,0.75,0.25,0,0,0,28.90356837,28.39541861,28.9040838,28.39623404,166.3307713,184.1480415
456,456,88.23030246,91.58299845,0.75,0.25,0,0,0,28.39541861,27.82659798,28.39623404,27.82778764,179.2552243,198.4622112
513.5327285,513.5327285,79.46267512,82.19364377,0.75,0.25,0,0,0,29.78145719,29.36677283,29.78154701,29.36704731,150.5880695,161.9398095
513.5327285,513.5327285,82.19364377,85.10896368,0.75,0.25,0,0,0,29.36677283,28.90942582,29.36704731,28.90993846,156.8094295,172.0791942
513.5327285,513.5327285,85.10896368,88.23030246,0.75,0.25,0,0,0,28.90942582,28.40188473,28.90993846,28.40269629,166.2580114,184.0792158
513.5327285,513.5327285,88.23030246,91.58299845,0.75,0.25,0,0,0,28.40188473,27.83384654,28.40269629,27.83503078,179.1607728,198.3713806
513.5327285,513.5327285,91.58299845,95.19688857,0.75,0.25,0,0,0,27.83384654,27.19071294,27.83503078,27.19236591,196.0201368,215.6148287
580.630003,580.630003,79.46267512,82.19364377,0.75,0.25,0,0,0,29.7872479,29.37302605,29.78733614,29.37329823,150.5320952,161.8906719
580.630003,580.630003,82.19364377,85.10896368,0.75,0.25,0,0,0,29.37302605,28.91624464,29.37329823,28.91675404,156.741826,172.0171032
580.630003,580.630003,85.10896368,88.23030246,0.75,0.25,0,0,0,28.91624464,28.40941023,28.91675404,28.41021729,166.1735576,183.9993571
580.630003,580.630003,88.23030246,91.58299845,0.75,0.25,0,0,0,28.40941023,27.84227986,28.41021729,27.84345784,179.0512201,198.2660573
580.630003,580.630003,91.58299845,95.19688857,0.75,0.25,0,0,0,27.84227986,27.20035609,27.84345784,27.2020002,195.8715862,215.4709878
660.9394004,660.9394004,79.46267512,82.19364377,0.75,0.25,0,0,0,29.79416685,29.38049626,29.79425321,29.38076571,150.4653893,161.8321541
660.9394004,660.9394004,82.19364377,85.10896368,0.75,0.25,0,0,0,29.38049626,28.92438865,29.38076571,28.92489421,156.6613077,171.9431906
660.9394004,660.9394004,85.10896368,88.23030246,0.75,0.25,0,0,0,28.92438865,28.41839564,28.92489421,28.41919735,166.0730385,183.9043473
760.4977915,760.4977915,79.46267512,82.19364377,0.75,0.25,0,0,0,29.80272609,29.3897354,29.80281013,29.39000148,150.3831306,161.7600535
760.4977915,760.4977915,82.19364377,85.10896368,0.75,0.25,0,0,0,29.3897354,28.93445838,29.39000148,28.9349592,156.5620854,171.8521687
760.4977915,760.4977915,85.10896368,88.23030246,0.75,0.25,0,0,0,28.93445838,28.42950177,28.9349592,28.43029691,165.9492717,183.7874243
760.4977915,760.4977915,88.23030246,91.58299845,0.75,0.25,0,0,0,28.42950177,27.86478047,28.43029691,27.86594187,178.760689,197.986896
760.4977915,760.4977915,91.58299845,95.19688857,0.75,0.25,0,0,0,27.86478047,27.22606144,27.86594187,27.22768214,195.4783608,215.0903943
760.4977915,760.4977915,95.19688857,99.10737368,0.75,0.25,0,0,0,27.22606144,26.49226718,27.22768214,26.49447646,217.0357016,236.1307642
890.25,890.25,79.46267512,82.19364377,0.75,0.25,0,0,0,29.81385127,29.40174097,29.81393233,29.40200271,150.2766412,161.666815
890.25,890.25,82.19364377,85.10896368,0.75,0.25,0,0,0,29.40174097,28.94753866,29.40200271,28.94803337,156.4337489,171.7345378
890.25,890.25,85.10896368,88.23030246,0.75,0.25,0,0,0,28.94753866,28.44392184,28.94803337,28.44470851,165.7893562,183.63645
890.25,890.25,88.23030246,91.58299845,0.75,0.25,0,0,0,28.44392184,27.88091658,28.44470851,27.88206622,178.5539033,197.7883396
890.25,890.25,91.58299845,95.19688857,0.75,0.25,0,0,0,27.88091658,27.24447532,27.88206622,27.24607944,195.1991222,214.820272
890.25,890.25,95.19688857,99.10737368,0.75,0.25,0,0,0,27.24447532,26.5138555,27.24607944,26.51604072,216.6375978,235.7454383
890.25,890.25,99.10737368,103.3568058,0.75,0.25,0,0,0,26.5138555,25.65625008,26.51604072,25.65920604,244.6302365,262.3410172
163.6187513,163.6187513,79.46267512,82.19364377,0.9,0.1,0,0,0,28.89311854,28.45224089,28.89316067,28.45240419,150.7787335,161.2111099
190.625,190.625,79.46267512,82.19364377,0.9,0.1,0,0,0,28.89562939,28.45497572,28.89567118,28.45513849,150.7528001,161.1860639
219.4971572,219.4971572,79.46267512,82.19364377,0.9,0.1,0,0,0,28.89831173,28.4578971,28.89835316,28.4580593,150.7251295,161.159343
219.4971572,219.4971572,82.19364377,85.10896368,0.9,0.1,0,0,0,28.4578971,27.97263293,28.4580593,27.97294507,160.4488658,172.5384889
250.5349689,250.5349689,79.46267512,82.19364377,0.9,0.1,0,0,0,28.901193,28.46103482,28.90123403,28.46119643,150.695446,161.1306815
250.5349689,250.5349689,82.19364377,85.10896368,0.9,0.1,0,0,0,28.46103482,27.97608777,28.46119643,27.97639903,160.4118328,172.5021348
284.1142757,284.1142757,79.46267512,82.19364377,0.9,0.1,0,0,0,28.90430753,28.46442624,28.90434814,28.46458721,150.6634047,161.0997472
284.1142757,284.1142757,82.19364377,85.10896368,0.9,0.1,0,0,0,28.46442624,27.97982148,28.46458721,27.98013179,160.3718698,172.4629078
320.7143544,320.7143544,79.46267512,82.19364377,0.9,0.1,0,0,0,28.90769912,28.46811895,28.90773927,28.46827921,150.6285669,161.0661174
320.7143544,320.7143544,82.19364377,85.10896368,0.9,0.1,0,0,0,28.46811895,27.98388631,28.46827921,27.9841956,160.3284322,172.4202744
320.7143544,320.7143544,85.10896368,88.23030246,0.9,0.1,0,0,0,27.98388631,27.44616508,27.9841956,27.44665784,172.8553944,185.7624365
360.9584475,360.9584475,79.46267512,82.19364377,0.9,0.1,0,0,0,28.9114246,28.47217472,28.91146425,28.47233421,150.5903636,161.0292442
405.6757736,405.6757736,82.19364377,85.10896368,0.9,0.1,0,0,0,28.4766757,27.99330315,28.47683434,27.99361006,160.2280806,172.3217966
405.6757736,405.6757736,85.10896368,88.23030246,0.9,0.1,0,0,0,27.99330315,27.45667163,27.99361006,27.45716097,172.726167,185.6345974
405.6757736,405.6757736,88.23030246,91.58299845,0.9,0.1,0,0,0,27.45667163,26.85460994,27.45716097,26.85532524,188.4577743,201.4649333
456,456,79.46267512,82.19364377,0.9,0.1,0,0,0,28.92020722,28.481734,28.92024569,28.48189168,150.500567,160.9425962
456,456,82.19364377,85.10896368,0.9,0.1,0,0,0,28.481734,27.99886843,28.48189168,27.99917394,160.1689559,172.2637863
456,456,85.10896368,88.23030246,0.9,0.1,0,0,0,27.99886843,27.4628788,27.99917394,27.46336612,172.6500851,185.5593423
456,456,88.23030246,91.58299845,0.9,0.1,0,0,0,27.4628788,26.86165685,27.46336612,26.86236925,188.3560452,201.3641388
513.5327285,513.5327285,79.46267512,82.19364377,0.9,0.1,0,0,0,28.9255131,28.48750776,28.92555086,28.48766436,150.4464978,160.8904378
513.5327285,513.5327285,82.19364377,85.10896368,0.9,0.1,0,0,0,28.48750776,28.00521956,28.48766436,28.00552348,160.1016473,172.197756
513.5327285,513.5327285,85.10896368,88.23030246,0.9,0.1,0,0,0,28.00521956,27.46996053,28.00552348,27.47044557,172.5635223,185.4737288
513.5327285,513.5327285,88.23030246,91.58299845,0.9,0.1,0,0,0,27.46996053,26.86969369,27.47044557,26.8704028,188.2403891,201.2495529
580.630003,580.630003,79.46267512,82.19364377,0.9,0.1,0,0,0,28.931691,28.49422917,28.93172794,28.49438451,150.3837123,160.8298855
580.630003,580.630003,82.19364377,85.10896368,0.9,0.1,0,0,0,28.49422917,28.01261135,28.49438451,28.01291342,160.0235304,172.1211354
580.630003,580.630003,85.10896368,88.23030246,0.9,0.1,0,0,0,28.01261135,27.47820007,28.01291342,27.47868246,172.4631264,185.3744453
580.630003,580.630003,88.23030246,91.58299845,0.9,0.1,0,0,0,27.47820007,26.87904055,27.47868246,26.87974584,188.1063664,201.1167808
580.630003,580.630003,91.58299845,95.19688857,0.9,0.1,0,0,0,26.87904055,26.1978621,26.87974584,26.19884843,207.6918846,220.1749307
660.9394004,660.9394004,79.46267512,82.19364377,0.9,0.1,0,0,0,28.93907122,28.5022569,28.93910718,28.50241074,150.3089467,160.7577992
660.9394004,660.9394004,82.19364377,85.10896368,0.9,0.1,0,0,0,28.5022569,28.02143727,28.50241074,28.02173716,159.9305671,172.0299706
660.9394004,660.9394004,85.10896368,88.23030246,0.9,0.1,0,0,0,28.02143727,27.48803463,28.02173716,27.48851387,172.3437434,185.256401
660.9394004,660.9394004,88.23030246,91.58299845,0.9,0.1,0,0,0,27.48803463,26.89019126,27.48851387,26.89089204,187.947158,200.9590725
660.9394004,660.9394004,91.58299845,95.19688857,0.9,0.1,0,0,0,26.89019126,26.21080567,26.89089204,26.21178538,207.4693713,219.9551198
760.4977915,760.4977915,79.46267512,82.19364377,0.9,0.1,0,0,0,28.94819904,28.51218289,28.9482338,28.5123349,150.2168349,160.6690183
760.4977915,760.4977915,82.19364377,85.10896368,0.9,0.1,0,0,0,28.51218289,28.03234651,28.5123349,28.0326437,159.8161238,171.9177681
760.4977915,760.4977915,85.10896368,88.23030246,0.9,0.1,0,0,0,28.03234651,27.50018523,28.0326437,27.50066061,172.1969149,185.1112429
760.4977915,760.4977915,88.23030246,91.58299845,0.9,0.1,0,0,0,27.50018523,26.90395973,27.50066061,26.90465496,187.7515877,200.7653665
760.4977915,760.4977915,91.58299845,95.19688857,0.9,0.1,0,0,0,26.90395973,26.22677432,26.90465496,26.2277459,207.1964945,219.6855764
760.4977915,760.4977915,95.19688857,99.10737368,0.9,0.1,0,0,0,26.22677432,25.44283347,26.2277459,25.44416431,231.8429121,243.2251779
890.25,890.25,79.46267512,82.19364377,0.9,0.1,0,0,0,28.96005992,28.52507658,28.96009313,28.52522621,150.0977308,160.5542705
890.25,890.25,82.19364377,85.10896368,0.9,0.1,0,0,0,28.52507658,28.04651134,28.52522621,28.04680507,159.6682882,171.772871
890.25,890.25,85.10896368,88.23030246,0.9,0.1,0,0,0,28.04651134,27.51595308,28.04680507,27.51642349,172.0074712,184.9239935
