70,70,68,68,1,0,0,0,0,30.14797948,30.14797948,30.14796071,30.14796071,0,0
70,70,68,70.04454961,1,0,0,0,0,30.14797948,29.83988082,30.14796071,29.83986056,123.6736996,118.5278642
70,70,70.04454961,72.20151826,1,0,0,0,0,29.83988082,29.50845377,29.83986056,29.50843181,125.2776986,124.6378569
70,70,72.20151826,74.48170837,1,0,0,1,1,29.50845377,0.117177865,29.50843181,0.117175863,5786.036754,5831.23353
70,70,74.48170837,76.8974107,1,0,0,1,1,0.117177865,0.113101083,0.117175863,0.113099165,74.59493966,74.30527526
70,70,76.8974107,79.46267512,1,0,0,1,1,0.113101083,0.109097259,0.113099165,0.109095421,78.78231006,78.38841609
70,70,79.46267512,82.19364377,1,0,0,1,1,0.109097259,0.105158604,0.109095421,0.105156844,83.44212402,82.98123995
70,70,82.19364377,85.10896368,1,0,0,1,1,0.105158604,0.101277759,0.105156844,0.101276073,88.64736224,88.14486345
70,70,85.10896368,88.23030246,1,0,0,1,1,0.101277759,0.097447711,0.101276073,0.097446097,94.48601419,93.96012701
70,70,88.23030246,91.58299845,1,0,0,1,1,0.097447711,0.093661719,0.097446097,0.093660175,101.0649939,100.5294116
70,70,91.58299845,95.19688857,1,0,0,1,1,0.093661719,0.089913244,0.093660175,0.089911768,108.5153129,107.980726
70,70,95.19688857,99.10737368,1,0,0,1,1,0.089913244,0.086195873,0.089911768,0.086194464,116.9989965,116.4740241
70,70,99.10737368,103.3568058,1,0,0,1,1,0.086195873,0.082503251,0.086194464,0.082501907,126.7184531,126.2102269
70,70,103.3568058,107.9963174,1,0,0,1,1,0.082503251,0.078828997,0.082501907,0.078827717,137.9293502,137.4438895
70,70,107.9963174,113.0882684,1,0,0,1,1,0.078828997,0.075166627,0.078827717,0.075165411,150.9585934,150.5010526
70,70,113.0882684,118.7095703,1,0,0,1,1,0.075166627,0.071509453,0.075165411,0.071508299,166.2298731,165.8047122
70,70,118.7095703,124.9562822,1,0,0,1,1,0.071509453,0.067850474,0.071508299,0.067849382,184.3006812,183.9117924
70,70,124.9562822,131.9500886,1,0,0,1,1,0.067850474,0.064182242,0.067849382,0.064181211,205.9171268,205.5679416
70,70,131.9500886,139.8476356,1,0,0,1,1,0.064182242,0.060496694,0.064181211,0.060495724,232.0971323,231.7907256
70,70,139.8476356,148.8543261,1,0,0,1,1,0.060496694,0.056784941,0.060495724,0.056784032,264.2602734,263.9994782
70,70,148.8543261,159.2453004,1,0,0,1,1,0.056784941,0.053036987,0.056784032,0.05303614,304.4369949,304.2245287
70,70,159.2453004,171.3984319,1,0,0,1,1,0.053036987,0.049241351,0.05303614,0.049240565,355.6184473,355.457023
70,70,171.3984319,185.8483024,1,0,0,1,1,0.049241351,0.045384526,0.049240565,0.045383803,422.3674275,422.2597475
70,70,185.8483024,203.3787513,1,0,0,1,1,0.045384526,0.041450211,0.045383803,0.041449551,511.942006,511.8903808
70,70,203.3787513,225.1909242,1,0,0,1,1,0.041450211,0.037418127,0.041449551,0.037417532,636.4964377,636.501511
70,70,225.1909242,253.2309977,1,0,0,1,1,0.037418127,0.033262134,0.037417532,0.033261605,817.7452358,817.8032481
70,70,253.2309977,290.8907277,1,0,0,1,1,0.033262134,0.028947018,0.033261605,0.028946558,1097.908446,1098.008411
70,70,290.8907277,344.7008089,1,0,0,1,1,0.028947018,0.024422541,0.028946558,0.024422153,1569.222902,1569.354996
70,70,344.7008089,429.2066067,1,0,0,1,1,0.024422541,0.019611019,0.024422153,0.019610708,2471.262725,2471.465717
70,70,429.2066067,585.450319,1,0,0,1,1,0.019611019,0.014376342,0.019610708,0.014376143,4631.296829,4631.58602
70,70,585.450319,1000,1,0,0,1,1,0.014376342,0.008416981,0.014376143,0.008416857,13007.48622,13007.3234
70,91.57805598,1000,68,1,0,0,0,0,0.008416981,30.14947627,0.008416857,30.1494575,-34075.24049,-34107.81893
91.57805598,91.57805598,68,70.04454961,1,0,0,0,0,30.14947627,29.84146469,30.1494575,29.84144444,123.6637436,118.519035
91.57805598,91.57805598,70.04454961,72.20151826,1,0,0,0,0,29.84146469,29.51013814,29.84144444,29.51011619,125.2664612,124.627368
91.57805598,91.57805598,72.20151826,74.48170837,1,0,0,0,0,29.51013814,29.15279398,29.51011619,29.15277006,128.9222682,131.6610949
91.57805598,91.57805598,74.48170837,76.8974107,1,0,0,1,1,29.15279398,0.149547775,29.15277006,0.149545182,5711.26482,5755.275287
91.57805598,91.57805598,76.8974107,79.46267512,1,0,0,1,1,0.149547775,0.144092434,0.149545182,0.144089959,80.1892317,79.77573427
91.57805598,91.57805598,79.46267512,82.19364377,1,0,0,1,1,0.144092434,0.138748801,0.144089959,0.138746437,84.77810797,84.23323339
91.57805598,91.57805598,82.19364377,85.10896368,1,0,0,1,1,0.138748801,0.133504112,0.138746437,0.133501855,89.91619583,89.2924055
91.57805598,91.57805598,85.10896368,88.23030246,1,0,0,1,1,0.133504112,0.128346475,0.133501855,0.12834432,95.69109079,95.02274285
91.57805598,91.57805598,88.23030246,91.58299845,1,0,0,1,1,0.128346475,0.123264702,0.12834432,0.123262646,102.2093752,101.520315
91.57805598,91.57805598,91.58299845,95.19688857,1,0,0,1,1,0.123264702,0.118248164,0.123262646,0.118246203,109.6017807,108.9094051
91.57805598,91.57805598,95.19688857,99.10737368,1,0,0,1,1,0.118248164,0.113286653,0.118246203,0.113284784,118.0300958,117.3476612
91.57805598,91.57805598,99.10737368,103.3568058,1,0,0,1,1,0.113286653,0.108370249,0.113284784,0.10836847,127.6965293,127.034521
91.57805598,91.57805598,103.3568058,107.9963174,1,0,0,1,1,0.108370249,0.103489191,0.10836847,0.103487499,138.8565814,138.2235519
91.57805598,91.57805598,107.9963174,113.0882684,1,0,0,1,1,0.103489191,0.098633737,0.103487499,0.098632131,151.8370186,151.2401137
91.57805598,91.57805598,113.0882684,118.7095703,1,0,0,1,1,0.098633737,0.093794023,0.098632131,0.093792501,167.0614187,166.5067169
91.57805598,91.57805598,118.7095703,124.9562822,1,0,0,1,1,0.093794023,0.088959894,0.093792501,0.088958455,185.087185,184.5799275
91.57805598,91.57805598,124.9562822,131.9500886,1,0,0,1,1,0.088959894,0.084120718,0.088958455,0.084119362,206.6603632,206.2051219
91.57805598,91.57805598,131.9500886,139.8476356,1,0,0,1,1,0.084120718,0.079265153,0.084119362,0.079263878,232.7988374,232.3996558
91.57805598,91.57805598,139.8476356,148.8543261,1,0,0,1,1,0.079265153,0.074380856,0.079263878,0.074379663,264.9221733,264.5827002
91.57805598,91.57805598,148.8543261,159.2453004,1,0,0,1,1,0.074380856,0.06945411,0.074379663,0.069452998,305.0608388,304.7844618
91.57805598,91.57805598,159.2453004,171.3984319,1,0,0,1,1,0.06945411,0.064469316,0.069452998,0.064468285,356.206049,355.9960008
91.57805598,91.57805598,171.3984319,185.8483024,1,0,0,1,1,0.064469316,0.059408284,0.064468285,0.059407336,422.9207196,422.7800554
91.57805598,91.57805598,185.8483024,203.3787513,1,0,0,1,1,0.059408284,0.054249217,0.059407336,0.054248353,512.4631161,512.3942974
91.57805598,91.57805598,203.3787513,225.1909242,1,0,0,1,1,0.054249217,0.048965157,0.054248353,0.048964378,636.9878005,636.9913566
91.57805598,91.57805598,225.1909242,253.2309977,1,0,0,1,1,0.048965157,0.043521513,0.048964378,0.043520821,818.2097686,818.2814436
91.57805598,91.57805598,253.2309977,290.8907277,1,0,0,1,1,0.043521513,0.03787186,0.043520821,0.037871258,1098.349841,1098.47755
91.57805598,91.57805598,290.8907277,344.7008089,1,0,0,1,1,0.03787186,0.031950135,0.037871258,0.031949628,1569.646162,1569.817921
91.57805598,91.57805598,344.7008089,429.2066067,1,0,0,1,1,0.031950135,0.02565438,0.031949628,0.025653973,2471.675252,2471.925546
91.57805598,91.57805598,429.2066067,585.450319,1,0,0,1,1,0.02565438,0.018806204,0.025653973,0.018805955,4631.71397,4632.045744
91.57805598,91.57805598,585.450319,1000,1,0,0,1,1,0.018806204,0.011010692,0.018805955,0.011010533,13007.9197,13007.78191
91.57805598,114.2772366,1000,68,1,0,0,0,0,0.011010692,30.15105019,0.011010533,30.15103143,-34075.10691,-34107.76025
114.2772366,114.2772366,68,70.04454961,1,0,0,0,0,30.15105019,29.84313013,30.15103143,29.84310989,123.6532814,118.509758
114.2772366,114.2772366,70.04454961,72.20151826,1,0,0,0,0,29.84313013,29.51190919,29.84310989,29.51188725,125.2546538,124.616348
114.2772366,114.2772366,72.20151826,74.48170837,1,0,0,0,0,29.51190919,29.15468813,29.51188725,29.15466421,128.908648,131.6479061
114.2772366,114.2772366,74.48170837,76.8974107,1,0,0,0,0,29.15468813,28.76807312,29.15466421,28.76804689,134.5607728,139.7150203
114.2772366,114.2772366,76.8974107,79.46267512,1,0,0,1,1,28.76807312,0.18166891,28.76804689,0.181665721,5636.514271,5676.735952
114.2772366,114.2772366,79.46267512,82.19364377,1,0,0,1,1,0.18166891,0.174733748,0.181665721,0.174730714,86.25058999,85.67805943
114.2772366,114.2772366,82.19364377,85.10896368,1,0,0,1,1,0.174733748,0.16795639,0.174730714,0.167953502,91.30668877,90.58850159
114.2772366,114.2772366,85.10896368,88.23030246,1,0,0,1,1,0.16795639,0.161317613,0.167953502,0.161314863,97.0050203,96.20538284
114.2772366,114.2772366,88.23030246,91.58299845,1,0,0,1,1,0.161317613,0.154799706,0.161314863,0.154797089,103.4515031,102.6115468
114.2772366,114.2772366,91.58299845,95.19688857,1,0,0,1,1,0.154799706,0.148386187,0.154797089,0.148383697,110.7763184,109.9240405
114.2772366,114.2772366,95.19688857,99.10737368,1,0,0,1,1,0.148386187,0.142061536,0.148383697,0.142059168,119.1407968,118.2962874
114.2772366,114.2772366,99.10737368,103.3568058,1,0,0,1,1,0.142061536,0.135810961,0.142059168,0.135808711,128.7467649,127.9251287
114.2772366,114.2772366,103.3568058,107.9963174,1,0,0,1,1,0.135810961,0.129620177,0.135808711,0.129618042,139.8494041,139.0624689
114.2772366,114.2772366,107.9963174,113.0882684,1,0,0,1,1,0.129620177,0.12347519,0.129618042,0.123473166,152.775216,152.0325621
114.2772366,114.2772366,113.0882684,118.7095703,1,0,0,1,1,0.12347519,0.117362074,0.123473166,0.117360159,167.9475602,167.2571568
114.2772366,114.2772366,118.7095703,124.9562822,1,0,0,1,1,0.117362074,0.111266735,0.117360159,0.111264928,185.923664,185.2922741
114.2772366,114.2772366,124.9562822,131.9500886,1,0,0,1,1,0.111266735,0.105174648,0.111264928,0.105172946,207.4494353,206.8828881
114.2772366,114.2772366,131.9500886,139.8476356,1,0,0,1,1,0.105174648,0.099070543,0.105172946,0.099068944,233.5426583,233.0460495
114.2772366,114.2772366,139.8476356,148.8543261,1,0,0,1,1,0.099070543,0.092938027,0.099068944,0.092936532,265.6228373,265.2006949
114.2772366,114.2772366,148.8543261,159.2453004,1,0,0,1,1,0.092938027,0.086759098,0.092936532,0.086757707,305.7204215,305.3768525
114.2772366,114.2772366,159.2453004,171.3984319,1,0,0,1,1,0.086759098,0.080513501,0.086757707,0.080512212,356.8266566,356.5654522
114.2772366,114.2772366,171.3984319,185.8483024,1,0,0,1,1,0.080513501,0.07417783,0.080512212,0.074176645,423.5045519,423.3291486
114.2772366,114.2772366,185.8483024,203.3787513,1,0,0,1,1,0.07417783,0.067724247,0.074176645,0.067723167,513.0125509,512.9255788
114.2772366,114.2772366,203.3787513,225.1909242,1,0,0,1,1,0.067724247,0.061118536,0.067723167,0.061117563,637.5055156,637.5073925
114.2772366,114.2772366,225.1909242,253.2309977,1,0,0,1,1,0.061118536,0.054317012,0.061117563,0.054316149,818.6989298,818.7848863
114.2772366,114.2772366,253.2309977,290.8907277,1,0,0,1,1,0.054317012,0.047261262,0.054316149,0.047260512,1098.814414,1098.971216
114.2772366,114.2772366,290.8907277,344.7008089,1,0,0,1,1,0.047261262,0.039868402,0.047260512,0.039867769,1570.091477,1570.304874
114.2772366,114.2772366,344.7008089,429.2066067,1,0,0,1,1,0.039868402,0.032010771,0.039867769,0.032010264,2472.10915,2472.409128
114.2772366,114.2772366,429.2066067,585.450319,1,0,0,1,1,0.032010771,0.023465332,0.032010264,0.023465037,4632.15265,4632.52916
114.2772366,114.2772366,585.450319,1000,1,0,0,1,1,0.023465332,0.013738712,0.023465037,0.013738518,13008.37557,13008.26405
114.2772366,138.2358044,1000,68,1,0,0,0,0,0.013738712,30.15271072,0.013738518,30.15269197,-34074.96459,-34107.69683
138.2358044,138.2358044,68,70.04454961,1,0,0,0,0,30.15271072,29.84488717,30.15269197,29.84486693,123.6422509,118.4999785
138.2358044,138.2358044,70.04454961,72.20151826,1,0,0,0,0,29.84488717,29.51377757,29.84486693,29.51375564,125.2422066,124.6047318
138.2358044,138.2358044,72.20151826,74.48170837,1,0,0,0,0,29.51377757,29.15668628,29.51375564,29.15666238,128.8942914,131.6340051
138.2358044,138.2358044,74.48170837,76.8974107,1,0,0,0,0,29.15668628,28.77022437,29.15666238,28.77019815,134.5438376,139.698211
138.2358044,138.2358044,76.8974107,79.46267512,1,0,0,0,0,28.77022437,28.35008153,28.77019815,28.35005256,142.1958899,148.9481291
138.2358044,138.2358044,79.46267512,82.19364377,1,0,0,1,1,28.35008153,0.213477094,28.35005256,0.21347331,5560.280132,5594.909669
138.2358044,138.2358044,82.19364377,85.10896368,1,0,0,1,1,0.213477094,0.204963004,0.21347331,0.204959414,92.84149101,92.07561916
138.2358044,138.2358044,85.10896368,88.23030246,1,0,0,1,1,0.204963004,0.196659228,0.204959414,0.196655823,98.44702911,97.53677254
138.2358044,138.2358044,88.23030246,91.58299845,1,0,0,1,1,0.196659228,0.18853854,0.196655823,0.188535308,104.807839,103.8240336
138.2358044,138.2358044,91.58299845,95.19688857,1,0,0,1,1,0.18853854,0.180576103,0.188535308,0.180573035,112.0531355,111.0407428
138.2358044,138.2358044,95.19688857,99.10737368,1,0,0,1,1,0.180576103,0.172748984,0.180573035,0.172746074,120.3434595,119.3328306
138.2358044,138.2358044,99.10737368,103.3568058,1,0,0,1,1,0.172748984,0.165035743,0.172746074,0.165032984,129.8799885,128.8927567
138.2358044,138.2358044,103.3568058,107.9963174,1,0,0,1,1,0.165035743,0.157416052,0.165032984,0.157413438,140.9173688,139.969725
138.2358044,138.2358044,107.9963174,113.0882684,1,0,0,1,1,0.157416052,0.14987035,0.157413438,0.149867877,153.7816612,152.8862522
138.2358044,138.2358044,113.0882684,118.7095703,1,0,0,1,1,0.14987035,0.142379511,0.149867877,0.142377175,168.8958625,168.0629241
138.2358044,138.2358044,118.7095703,124.9562822,1,0,0,1,1,0.142379511,0.1349245,0.142377175,0.134922297,186.8169047,186.0549543
138.2358044,138.2358044,124.9562822,131.9500886,1,0,0,1,1,0.1349245,0.127486008,0.134922297,0.127483935,208.2904602,207.6067347
138.2358044,138.2358044,131.9500886,139.8476356,1,0,0,1,1,0.127486008,0.120044038,0.127483935,0.120042094,234.3341323,233.7348834
138.2358044,138.2358044,139.8476356,148.8543261,1,0,0,1,1,0.120044038,0.112577417,0.120042094,0.112575601,266.3672976,265.8580084
138.2358044,138.2358044,148.8543261,159.2453004,1,0,0,1,1,0.112577417,0.10506318,0.112575601,0.105061491,306.4203322,306.0058873
138.2358044,138.2358044,159.2453004,171.3984319,1,0,0,1,1,0.10506318,0.097475771,0.105061491,0.097474209,357.4844696,357.1692638
138.2358044,138.2358044,171.3984319,185.8483024,1,0,0,1,1,0.097475771,0.08978594,0.097474209,0.089784504,424.1227801,423.9106645
138.2358044,138.2358044,185.8483024,203.3787513,1,0,0,1,1,0.08978594,0.081959172,0.089784504,0.081957864,513.5938633,513.4876563
138.2358044,138.2358044,203.3787513,225.1909242,1,0,0,1,1,0.081959172,0.073953327,0.081957864,0.073952149,638.0528708,638.0528828
138.2358044,138.2358044,225.1909242,253.2309977,1,0,0,1,1,0.073953327,0.06571488,0.073952149,0.065713835,819.2157788,819.3167072
138.2358044,138.2358044,253.2309977,290.8907277,1,0,0,1,1,0.06571488,0.05717255,0.065713835,0.057171642,1099.305033,1099.492439
138.2358044,138.2358044,290.8907277,344.7008089,1,0,0,1,1,0.05717255,0.0482255,0.057171642,0.048224735,1570.561566,1570.818817
138.2358044,138.2358044,344.7008089,429.2066067,1,0,0,1,1,0.0482255,0.038718753,0.048224735,0.038718139,2472.567052,2472.919388
138.2358044,138.2358044,429.2066067,585.450319,1,0,0,1,1,0.038718753,0.028381961,0.038718139,0.028381623,4632.615518,4633.039182
138.2358044,138.2358044,585.450319,1000,1,0,0,1,1,0.028381961,0.016617583,0.028381623,0.016617355,13008.85656,13008.77273
138.2358044,163.6187513,1000,68,1,0,0,0,0,0.016617583,30.15446919,0.016617355,30.15445044,-34074.81226,-34107.62788
163.6187513,163.6187513,68,70.04454961,1,0,0,0,0,30.15446919,29.84674776,30.15445044,29.84672754,123.6305785,118.4896311
163.6187513,163.6187513,70.04454961,72.20151826,1,0,0,0,0,29.84674776,29.51575599,29.84672754,29.51573407,125.2290364,124.5924421
163.6187513,163.6187513,72.20151826,74.48170837,1,0,0,0,0,29.51575599,29.15880201,29.51573407,29.15877812,128.8791031,131.6192995
163.6187513,163.6187513,74.48170837,76.8974107,1,0,0,0,0,29.15880201,28.77250207,29.15877812,28.77247587,134.5259239,139.680431
163.6187513,163.6187513,76.8974107,79.46267512,1,0,0,0,0,28.77250207,28.35255312,28.77247587,28.35252417,142.1742594,148.9263364
163.6187513,163.6187513,79.46267512,82.19364377,1,0,0,1,1,28.35255312,0.255428671,28.35252417,0.255424038,5538.390862,5574.682073
163.6187513,163.6187513,82.19364377,85.10896368,1,0,0,1,1,0.255428671,0.244927735,0.255424038,0.244923359,94.54968615,93.81513164
163.6187513,163.6187513,85.10896368,88.23030246,1,0,0,1,1,0.244927735,0.234736002,0.244923359,0.234731864,100.0415181,99.05606956
163.6187513,163.6187513,88.23030246,91.58299845,1,0,0,1,1,0.234736002,0.224812323,0.234731864,0.224808409,106.2990675,105.1852379
163.6187513,163.6187513,91.58299845,95.19688857,1,0,0,1,1,0.224812323,0.215119928,0.224808409,0.215116225,113.449936,112.2801356
163.6187513,163.6187513,95.19688857,99.10737368,1,0,0,1,1,0.215119928,0.205625533,0.215116225,0.205622029,121.6533727,120.4735628
163.6187513,163.6187513,99.10737368,103.3568058,1,0,0,1,1,0.205625533,0.196298598,0.205622029,0.196295283,131.109513,129.9507193
163.6187513,163.6187513,103.3568058,107.9963174,1,0,0,1,1,0.196298598,0.187110701,0.196295283,0.187107567,142.0721571,140.9565168
163.6187513,163.6187513,107.9963174,113.0882684,1,0,0,1,1,0.187110701,0.178034979,0.187107567,0.17803202,154.8666758,153.8107988
163.6187513,163.6187513,113.0882684,118.7095703,1,0,0,1,1,0.178034979,0.169045617,0.17803202,0.169042825,169.9155038,168.9324123
163.6187513,163.6187513,118.7095703,124.9562822,1,0,0,1,1,0.169045617,0.160117349,0.169042825,0.16011472,187.7751161,186.8753927
163.6187513,163.6187513,124.9562822,131.9500886,1,0,0,1,1,0.160117349,0.151224955,0.16011472,0.151222487,209.1908182,208.383303
163.6187513,163.6187513,131.9500886,139.8476356,1,0,0,1,1,0.151224955,0.142342715,0.151222487,0.142340402,235.179926,234.4721566
163.6187513,163.6187513,139.8476356,148.8543261,1,0,0,1,1,0.142342715,0.133443771,0.142340402,0.133441612,267.1616012,266.5601084
163.6187513,163.6187513,148.8543261,159.2453004,1,0,0,1,1,0.133443771,0.124499371,0.133441612,0.124497365,307.1660774,306.6765927
163.6187513,163.6187513,159.2453004,171.3984319,1,0,0,1,1,0.124499371,0.11547788,0.124497365,0.115476026,358.1845206,357.8120949
163.6187513,163.6187513,171.3984319,185.8483024,1,0,0,1,1,0.11547788,0.106343456,0.115476026,0.106341753,424.7800201,424.5289575
163.6187513,163.6187513,185.8483024,203.3787513,1,0,0,1,1,0.106343456,0.097054161,0.106341753,0.09705261,514.211303,514.0846338
163.6187513,163.6187513,203.3787513,225.1909242,1,0,0,1,1,0.097054161,0.087559147,0.09705261,0.087557751,638.6337957,638.6317276
163.6187513,163.6187513,225.1909242,253.2309977,1,0,0,1,1,0.087559147,0.077794192,0.087557751,0.077792954,819.7639696,819.8806457
163.6187513,163.6187513,253.2309977,290.8907277,1,0,0,1,1,0.077794192,0.067674135,0.077792954,0.06767306,1099.825123,1100.044837
163.6187513,163.6187513,290.8907277,344.7008089,1,0,0,1,1,0.067674135,0.057078894,0.06767306,0.057077988,1571.059679,1571.363283
163.6187513,163.6187513,344.7008089,429.2066067,1,0,0,1,1,0.057078894,0.045824334,0.057077988,0.045823608,2473.052098,2473.459811
163.6187513,163.6187513,429.2066067,585.450319,1,0,0,1,1,0.045824334,0.033589776,0.045823608,0.033589401,4633.105736,4633.579284
163.6187513,163.6187513,585.450319,1000,1,0,0,1,1,0.033589776,0.019667044,0.033589401,0.019666782,13009.36597,13009.31142
163.6187513,190.625,1000,68,1,0,0,0,0,0.019667044,30.15633921,0.019666782,30.15632047,-34074.64832,-34107.55243
190.625,190.625,68,70.04454961,1,0,0,0,0,30.15633921,29.84872632,30.15632047,29.84870611,123.618175,118.4786374
190.625,190.625,70.04454961,72.20151826,1,0,0,0,0,29.84872632,29.51785976,29.84870611,29.51783786,125.2150433,124.5793857
190.625,190.625,72.20151826,74.48170837,1,0,0,0,0,29.51785976,29.16105169,29.51783786,29.16102781,128.862968,131.6036782
190.625,190.625,74.48170837,76.8974107,1,0,0,0,0,29.16105169,28.77492382,29.16102781,28.77489764,134.5068963,139.6615459
190.625,190.625,76.8974107,79.46267512,1,0,0,0,0,28.77492382,28.35518083,28.77489764,28.3551519,142.151288,148.9031929
190.625,190.625,79.46267512,82.19364377,1,0,0,0,0,28.35518083,27.89627371,28.3551519,27.89624146,151.8760715,159.5361785
190.625,190.625,82.19364377,85.10896368,1,0,0,1,1,27.89627371,0.288354006,27.89624146,0.288348739,5459.194206,5488.757307
190.625,190.625,85.10896368,88.23030246,1,0,0,1,1,0.288354006,0.27599996,0.288348739,0.275995001,101.82,100.8183531
190.625,190.625,88.23030246,91.58299845,1,0,0,1,1,0.27599996,0.264029515,0.275995001,0.264024841,107.9515991,106.7320461
190.625,190.625,91.58299845,95.19688857,1,0,0,1,1,0.264029515,0.252388754,0.264024841,0.252384345,114.9891077,113.669113
190.625,190.625,95.19688857,99.10737368,1,0,0,1,1,0.252388754,0.241029844,0.252384345,0.241025685,123.0897141,121.7392929
190.625,190.625,99.10737368,103.3568058,1,0,0,1,1,0.241029844,0.229909744,0.241025685,0.229905819,132.4519241,131.115813
190.625,190.625,103.3568058,107.9963174,1,0,0,1,1,0.229909744,0.21898913,0.229905819,0.218985428,143.3282382,142.0368296
190.625,190.625,107.9963174,113.0882684,1,0,0,1,1,0.21898913,0.208231501,0.218985428,0.208228011,156.0429834,154.8181226
190.625,190.625,113.0882684,118.7095703,1,0,0,1,1,0.208231501,0.197602385,0.208228011,0.1975991,171.0177527,169.8759676
190.625,190.625,118.7095703,124.9562822,1,0,0,1,1,0.197602385,0.187068615,0.1975991,0.187065527,188.8083426,187.7627003
190.625,190.625,124.9562822,131.9500886,1,0,0,1,1,0.187068615,0.176597615,0.187065527,0.176594718,210.1595143,209.2207131
190.625,190.625,131.9500886,139.8476356,1,0,0,1,1,0.176597615,0.166156671,0.176594718,0.166153961,236.0881537,235.2651822
190.625,190.625,139.8476356,148.8543261,1,0,0,1,1,0.166156671,0.155712122,0.166153961,0.155709596,268.0130944,267.3136445
190.625,190.625,148.8543261,159.2453004,1,0,0,1,1,0.155712122,0.145228409,0.155709596,0.145226063,307.9643357,307.3950688
190.625,190.625,159.2453004,171.3984319,1,0,0,1,1,0.145228409,0.134666876,0.145226063,0.134664709,358.9329049,358.4995905
190.625,190.625,171.3984319,185.8483024,1,0,0,1,1,0.134666876,0.123984185,0.134664709,0.123982196,425.4818561,425.1892963
190.625,190.625,185.8483024,203.3787513,1,0,0,1,1,0.123984185,0.113130086,0.123982196,0.113128277,514.870006,514.7214709
190.625,190.625,203.3787513,225.1909242,1,0,0,1,1,0.113130086,0.102044104,0.113128277,0.102042477,639.253036,639.2486365
190.625,190.625,225.1909242,253.2309977,1,0,0,1,1,0.102044104,0.090650316,0.102042477,0.090648873,820.3479124,820.4812138
190.625,190.625,253.2309977,290.8907277,1,0,0,1,1,0.090650316,0.078848507,0.090648873,0.078847254,1100.378815,1100.632773
190.625,190.625,290.8907277,344.7008089,1,0,0,1,1,0.078848507,0.066497859,0.078847254,0.066496804,1571.589733,1571.942532
190.625,190.625,344.7008089,429.2066067,1,0,0,1,1,0.066497859,0.053382975,0.066496804,0.053382129,2473.568076,2474.034602
190.625,190.625,429.2066067,585.450319,1,0,0,1,1,0.053382975,0.039129385,0.053382129,0.039128978,4633.627115,4634.153653
190.625,190.625,585.450319,1000,1,0,0,1,1,0.039129385,0.02291089,0.039128978,0.022910594,13009.90774,13009.8843
190.625,219.4971572,1000,68,1,0,0,0,0,0.02291089,30.15833742,0.022910594,30.15831869,-34074.47081,-34107.46923
219.4971572,219.4971572,68,70.04454961,1,0,0,0,0,30.15833742,29.85084043,30.15831869,29.85082022,123.6049323,118.4669015
219.4971572,219.4971572,70.04454961,72.20151826,1,0,0,0,0,29.85084043,29.52010756,29.85082022,29.52008566,125.2001053,124.5654492
219.4971572,219.4971572,72.20151826,74.48170837,1,0,0,0,0,29.52010756,29.16345524,29.52008566,29.16343138,128.8457459,131.5870056
219.4971572,219.4971572,74.48170837,76.8974107,1,0,0,0,0,29.16345524,28.77751106,29.16343138,28.77748489,134.4865902,139.6413927
219.4971572,219.4971572,76.8974107,79.46267512,1,0,0,0,0,28.77751106,28.35798787,28.77748489,28.35795896,142.1267777,148.8784991
219.4971572,219.4971572,79.46267512,82.19364377,1,0,0,0,0,28.35798787,27.89934856,28.35795896,27.89931633,151.8457324,159.5053905
219.4971572,219.4971572,82.19364377,85.10896368,1,0,0,1,1,27.89934856,0.335879572,27.89931633,0.335873283,5435.359909,5466.504985
219.4971572,219.4971572,85.10896368,88.23030246,1,0,0,1,1,0.335879572,0.321019865,0.335873283,0.321013972,103.8240004,102.9040122
219.4971572,219.4971572,88.23030246,91.58299845,1,0,0,1,1,0.321019865,0.306701217,0.321013972,0.306695686,109.7997813,108.5153782
219.4971572,219.4971572,91.58299845,95.19688857,1,0,0,1,1,0.306701217,0.292844809,0.306695686,0.292839612,116.6994475,115.2435093
219.4971572,219.4971572,95.19688857,99.10737368,1,0,0,1,1,0.292844809,0.279382188,0.292839612,0.2793773,124.6769242,123.1571211
219.4971572,219.4971572,99.10737368,103.3568058,1,0,0,1,1,0.279382188,0.266252971,0.2793773,0.266248371,133.9281963,132.4095751
219.4971572,219.4971572,103.3568058,107.9963174,1,0,0,1,1,0.266252971,0.253403037,0.266248371,0.253398709,144.703793,143.2283974
219.4971572,219.4971572,107.9963174,113.0882684,1,0,0,1,1,0.253403037,0.240783062,0.253398709,0.240778992,157.3264852,155.923214
219.4971572,219.4971572,113.0882684,118.7095703,1,0,0,1,1,0.240783062,0.228347285,0.240778992,0.228343461,172.216629,170.906518
219.4971572,219.4971572,118.7095703,124.9562822,1,0,0,1,1,0.228347285,0.216052425,0.228343461,0.216048836,189.929034,188.7282045
219.4971572,219.4971572,124.9562822,131.9500886,1,0,0,1,1,0.216052425,0.203856672,0.216048836,0.203853312,211.2076749,210.1290205
219.4971572,219.4971572,131.9500886,139.8476356,1,0,0,1,1,0.203856672,0.191718705,0.203853312,0.191715565,237.0688163,236.1229872
219.4971572,219.4971572,139.8476356,148.8543261,1,0,0,1,1,0.191718705,0.179596636,0.191715565,0.179593712,268.9308112,268.1268023
219.4971572,219.4971572,148.8543261,159.2453004,1,0,0,1,1,0.179596636,0.167446827,0.179593712,0.167444115,308.8233052,308.168809
219.4971572,219.4971572,159.2453004,171.3984319,1,0,0,1,1,0.167446827,0.155222439,0.167444115,0.155219936,359.7370934,359.2386721
219.4971572,219.4971572,171.3984319,185.8483024,1,0,0,1,1,0.155222439,0.142871543,0.155219936,0.142869249,426.235124,425.8981314
219.4971572,219.4971572,185.8483024,203.3787513,1,0,0,1,1,0.142871543,0.130334505,0.142869249,0.130332419,515.5762536,515.4042324
219.4971572,219.4971572,203.3787513,225.1909242,1,0,0,1,1,0.130334505,0.117540127,0.130332419,0.117538251,639.91639,639.9093629
219.4971572,219.4971572,225.1909242,253.2309977,1,0,0,1,1,0.117540127,0.104399597,0.117538251,0.104397935,820.9729919,821.1239193
219.4971572,219.4971572,253.2309977,290.8907277,1,0,0,1,1,0.104399597,0.090796278,0.104397935,0.090794835,1100.97115,1101.261571
219.4971572,219.4971572,290.8907277,344.7008089,1,0,0,1,1,0.090796278,0.076566881,0.090794835,0.076565666,1572.156506,1572.561759
219.4971572,219.4971572,344.7008089,429.2066067,1,0,0,1,1,0.076566881,0.061462303,0.076565666,0.061461329,2474.119601,2474.648883
219.4971572,219.4971572,429.2066067,585.450319,1,0,0,1,1,0.061462303,0.045050297,0.061461329,0.045049867,4634.1843,4634.767396
219.4971572,219.4971572,585.450319,1000,1,0,0,1,1,0.045050297,0.026378133,0.045049867,0.026377804,13010.48672,13010.49646
219.4971572,250.5349689,1000,68,1,0,0,0,0,0.026378133,30.16048434,0.026377804,30.16046562,-34074.27723,-34107.37668
250.5349689,250.5349689,68,70.04454961,1,0,0,0,0,30.16048434,29.85311177,30.16046562,29.85309158,123.5907164,118.4543053
250.5349689,250.5349689,70.04454961,72.20151826,1,0,0,0,0,29.85311177,29.52252242,29.85309158,29.52250053,125.1840721,124.5504926
250.5349689,250.5349689,72.20151826,74.48170837,1,0,0,0,0,29.52252242,29.16603729,29.52250053,29.16601344,128.827264,131.5691146
250.5349689,250.5349689,74.48170837,76.8974107,1,0,0,0,0,29.16603729,28.78029023,29.16601344,28.78026409,134.4648027,139.6197697
250.5349689,250.5349689,76.8974107,79.46267512,1,0,0,0,0,28.78029023,28.3610029,28.78026409,28.36097402,142.1004845,148.8520092
250.5349689,250.5349689,79.46267512,82.19364377,1,0,0,0,0,28.3610029,27.9026509,28.36097402,27.9026187,151.8131939,159.4723701
250.5349689,250.5349689,82.19364377,85.10896368,1,0,0,0,0,27.9026509,27.39794892,27.9026187,27.39791264,163.784,171.7721078
250.5349689,250.5349689,85.10896368,88.23030246,1,0,0,1,1,27.39794892,0.370523796,27.39791264,0.37051683,5351.46664,5375.344857
250.5349689,250.5349689,88.23030246,91.58299845,1,0,0,1,1,0.370523796,0.353477454,0.37051683,0.353470948,111.8892459,110.6078548
250.5349689,250.5349689,91.58299845,95.19688857,1,0,0,1,1,0.353477454,0.337072884,0.353470948,0.337066794,118.6187277,117.0522914
250.5349689,250.5349689,95.19688857,99.10737368,1,0,0,1,1,0.337072884,0.321211992,0.337066794,0.321206285,126.4467237,124.7630924
250.5349689,250.5349689,99.10737368,103.3568058,1,0,0,1,1,0.321211992,0.30581006,0.321206285,0.305804708,135.565313,133.8601431
250.5349689,250.5349689,103.3568058,107.9963174,1,0,0,1,1,0.30581006,0.29079265,0.305804708,0.290787628,146.2220403,144.5540979
250.5349689,250.5349689,107.9963174,113.0882684,1,0,0,1,1,0.29079265,0.276093194,0.290787628,0.276088483,158.7373661,157.1452318
250.5349689,250.5349689,113.0882684,118.7095703,1,0,0,1,1,0.276093194,0.261651049,0.276088483,0.261646632,173.52984,172.0404694
250.5349689,250.5349689,118.7095703,124.9562822,1,0,0,1,1,0.261651049,0.247409859,0.261646632,0.247405723,191.1528495,189.7862005
250.5349689,250.5349689,124.9562822,131.9500886,1,0,0,1,1,0.247409859,0.233316107,0.247405723,0.233312239,212.3492464,211.1208589
250.5349689,250.5349689,131.9500886,139.8476356,1,0,0,1,1,0.233316107,0.219317752,0.233312239,0.219314144,238.1344123,237.0568729
250.5349689,250.5349689,139.8476356,148.8543261,1,0,0,1,1,0.219317752,0.205362862,0.219314144,0.205359506,269.9260153,269.0098002
250.5349689,250.5349689,148.8543261,159.2453004,1,0,0,1,1,0.205362862,0.191398114,0.205359506,0.191395005,309.7531873,309.0071442
250.5349689,250.5349689,159.2453004,171.3984319,1,0,0,1,1,0.191398114,0.177367032,0.191395005,0.177364166,360.6063672,360.0379416
250.5349689,250.5349689,171.3984319,185.8483024,1,0,0,1,1,0.177367032,0.163207742,0.177364166,0.163205117,427.0483042,426.6634661
250.5349689,250.5349689,185.8483024,203.3787513,1,0,0,1,1,0.163207742,0.148849919,0.163205117,0.148847534,516.3378287,516.1404331
250.5349689,250.5349689,203.3787513,225.1909242,1,0,0,1,1,0.148849919,0.134210321,0.148847534,0.134208177,640.6310364,640.6210278
250.5349689,250.5349689,225.1909242,253.2309977,1,0,0,1,1,0.134210321,0.119185833,0.134208177,0.119183935,821.6458694,821.8155737
250.5349689,250.5349689,253.2309977,290.8907277,1,0,0,1,1,0.119185833,0.103641769,0.119183935,0.103640122,1101.608362,1101.937807
250.5349689,250.5349689,290.8907277,344.7008089,1,0,0,1,1,0.103641769,0.087390332,0.103640122,0.087388946,1572.765901,1573.227384
250.5349689,250.5349689,344.7008089,429.2066067,1,0,0,1,1,0.087390332,0.070145858,0.087388946,0.070144746,2474.712377,2475.308983
250.5349689,250.5349689,429.2066067,585.450319,1,0,0,1,1,0.070145858,0.051413673,0.070144746,0.051413227,4634.783027,4635.426816
250.5349689,250.5349689,585.450319,1000,1,0,0,1,1,0.051413673,0.030104613,0.051413227,0.030104252,13011.10885,13011.15418
250.5349689,284.1142757,1000,68,1,0,0,0,0,0.030104613,30.16280568,0.030104252,30.16278697,-34074.06437,-34107.27269
284.1142757,284.1142757,68,70.04454961,1,0,0,0,0,30.16280568,29.85556755,30.16278697,29.85554737,123.5753602,118.4407011
284.1142757,284.1142757,70.04454961,72.20151826,1,0,0,0,0,29.85556755,29.52513322,29.85554737,29.52511135,125.1667553,124.5343406
284.1142757,284.1142757,72.20151826,74.48170837,1,0,0,0,0,29.52513322,29.16882868,29.52511135,29.16880485,128.8073061,131.5497962
284.1142757,284.1142757,74.48170837,76.8974107,1,0,0,0,0,29.16882868,28.78329451,29.16880485,28.78326839,134.4412795,139.5964251
284.1142757,284.1142757,76.8974107,79.46267512,1,0,0,0,0,28.78329451,28.36426185,28.78326839,28.36423299,142.0721028,148.8234153
284.1142757,284.1142757,79.46267512,82.19364377,1,0,0,0,0,28.36426185,27.90621998,28.36423299,27.90618782,151.7780799,159.4367354
284.1142757,284.1142757,82.19364377,85.10896368,1,0,0,0,0,27.90621998,27.40190423,27.90618782,27.40186799,163.7393258,171.7267096
284.1142757,284.1142757,85.10896368,88.23030246,1,0,0,1,1,27.40190423,0.42546266,27.40186799,0.425454442,5325.037901,5350.472595
284.1142757,284.1142757,88.23030246,91.58299845,1,0,0,1,1,0.42546266,0.40520065,0.425454442,0.405193017,114.2821543,113.1171662
284.1142757,284.1142757,91.58299845,95.19688857,1,0,0,1,1,0.40520065,0.38582618,0.405193017,0.385819071,120.7976372,119.1644115
284.1142757,284.1142757,95.19688857,99.10737368,1,0,0,1,1,0.38582618,0.367197771,0.385819071,0.367191137,128.4411587,126.606348
284.1142757,284.1142757,99.10737368,103.3568058,1,0,0,1,1,0.367197771,0.34919598,0.367191137,0.34918978,137.3986806,135.5050824
284.1142757,284.1142757,103.3568058,107.9963174,1,0,0,1,1,0.34919598,0.331718053,0.34918978,0.331712255,147.9131934,146.0440351
284.1142757,284.1142757,107.9963174,113.0882684,1,0,0,1,1,0.331718053,0.314673911,0.331712255,0.314668486,160.3017111,158.5091213
284.1142757,284.1142757,113.0882684,118.7095703,1,0,0,1,1,0.314673911,0.297983032,0.314668486,0.297977958,174.9801391,173.2990123
284.1142757,284.1142757,118.7095703,124.9562822,1,0,0,1,1,0.297983032,0.281571941,0.297977958,0.281567199,192.499816,190.9550382
284.1142757,284.1142757,124.9562822,131.9500886,1,0,0,1,1,0.281571941,0.265372081,0.281567199,0.265367656,213.6019959,212.2123661
284.1142757,284.1142757,131.9500886,139.8476356,1,0,0,1,1,0.265372081,0.249317911,0.265367656,0.24931379,239.3008138,238.0812172
284.1142757,284.1142757,139.8476356,148.8543261,1,0,0,1,1,0.249317911,0.233345077,0.24931379,0.233341248,271.0129723,269.9755959
284.1142757,284.1142757,148.8543261,159.2453004,1,0,0,1,1,0.233345077,0.217388502,0.233341248,0.21738496,310.7668733,309.9218758
284.1142757,284.1142757,159.2453004,171.3984319,1,0,0,1,1,0.217388502,0.201380229,0.21738496,0.201376967,361.5524334,360.9082545
284.1142757,284.1142757,171.3984319,185.8483024,1,0,0,1,1,0.201380229,0.185246748,0.201376967,0.185243762,427.9320777,427.4953819
284.1142757,284.1142757,185.8483024,203.3787513,1,0,0,1,1,0.185246748,0.168905421,0.185243762,0.168902711,517.1645221,516.9395252
284.1142757,284.1142757,203.3787513,225.1909242,1,0,0,1,1,0.168905421,0.152259346,0.168902711,0.152256912,641.4059957,641.3925778
284.1142757,284.1142757,225.1909242,253.2309977,1,0,0,1,1,0.152259346,0.135189395,0.152256912,0.135187241,822.3749083,822.5647267
284.1142757,284.1142757,253.2309977,290.8907277,1,0,0,1,1,0.135189395,0.11754088,0.135187241,0.117539012,1102.29827,1102.669735
284.1142757,284.1142757,290.8907277,344.7008089,1,0,0,1,1,0.11754088,0.099099071,0.117539012,0.099097499,1573.425323,1573.947451
284.1142757,284.1142757,344.7008089,429.2066067,1,0,0,1,1,0.099099071,0.079538364,0.099097499,0.079537103,2475.353552,2476.022833
284.1142757,284.1142757,429.2066067,585.450319,1,0,0,1,1,0.079538364,0.058296174,0.079537103,0.058295725,4635.430487,4636.139812
284.1142757,284.1142757,585.450319,1000,1,0,0,1,1,0.058296174,0.034135256,0.058295725,0.034134864,13011.78162,13011.86536
284.1142757,320.7143544,1000,68,1,0,0,0,0,0.034135256,30.16533424,0.034134864,30.16531554,-34073.82805,-34107.15447
320.7143544,320.7143544,68,70.04454961,1,0,0,0,0,30.16533424,29.85824241,30.16531554,29.85822224,123.5586503,118.4259006
320.7143544,320.7143544,70.04454961,72.20151826,1,0,0,0,0,29.85824241,29.52797678,29.85822224,29.52795493,125.1479155,124.5167702
320.7143544,320.7143544,72.20151826,74.48170837,1,0,0,0,0,29.52797678,29.17186872,29.52795493,29.1718449,128.7855967,131.5287841
320.7143544,320.7143544,74.48170837,76.8974107,1,0,0,0,0,29.17186872,28.78656614,29.1718449,28.78654003,134.4156973,139.5710381
320.7143544,320.7143544,76.8974107,79.46267512,1,0,0,0,0,28.78656614,28.36781045,28.78654003,28.36778162,142.041244,148.7923261
320.7143544,320.7143544,79.46267512,82.19364377,1,0,0,0,0,28.36781045,27.91010582,28.36778162,27.91007369,151.7399116,159.3980006
320.7143544,320.7143544,82.19364377,85.10896368,1,0,0,0,0,27.91010582,27.40620988,27.91007369,27.40617368,163.6907821,171.6773777
320.7143544,320.7143544,85.10896368,88.23030246,1,0,0,0,0,27.40620988,26.84631056,27.40617368,26.84626922,178.2217357,186.0508889
320.7143544,320.7143544,88.23030246,91.58299845,1,0,0,1,1,26.84631056,0.462986874,26.84626922,0.46297792,5234.334815,5252.441478
320.7143544,320.7143544,91.58299845,95.19688857,1,0,0,1,1,0.462986874,0.440095235,0.46297792,0.440086943,123.3060562,121.6805394
320.7143544,320.7143544,95.19688857,99.10737368,1,0,0,1,1,0.440095235,0.418226622,0.440086943,0.418218921,130.7173586,128.7558746
320.7143544,320.7143544,99.10737368,103.3568058,1,0,0,1,1,0.418226622,0.397210975,0.418218921,0.397203808,139.4758403,137.3958347
320.7143544,320.7143544,103.3568058,107.9963174,1,0,0,1,1,0.397210975,0.376905308,0.397203808,0.376898629,149.8174302,147.7387458
320.7143544,320.7143544,107.9963174,113.0882684,1,0,0,1,1,0.376905308,0.35718691,0.376898629,0.357180681,162.0539344,160.0480689
320.7143544,320.7143544,113.0882684,118.7095703,1,0,0,1,1,0.35718691,0.337948268,0.357180681,0.337942458,176.5973507,174.7100825
320.7143544,320.7143544,118.7095703,124.9562822,1,0,0,1,1,0.337948268,0.319093133,0.337942458,0.319087716,193.9960446,192.2587389
320.7143544,320.7143544,124.9562822,131.9500886,1,0,0,1,1,0.319093133,0.300533339,0.319087716,0.300528294,214.9889869,213.4245505
320.7143544,320.7143544,131.9500886,139.8476356,1,0,0,1,1,0.300533339,0.28218608,0.300528294,0.282181389,240.5885496,239.2146547
320.7143544,320.7143544,139.8476356,148.8543261,1,0,0,1,1,0.28218608,0.263971419,0.282181389,0.263967069,272.2100785,271.0409229
320.7143544,320.7143544,148.8543261,159.2453004,1,0,0,1,1,0.263971419,0.245809819,0.263967069,0.245805799,311.8809466,310.9281983
320.7143544,320.7143544,159.2453004,171.3984319,1,0,0,1,1,0.245809819,0.227619456,0.245805799,0.22761576,362.590321,361.8635527
320.7143544,320.7143544,171.3984319,185.8483024,1,0,0,1,1,0.227619456,0.209313018,0.22761576,0.209309639,428.9001334,428.4068014
320.7143544,320.7143544,185.8483024,203.3787513,1,0,0,1,1,0.209313018,0.190793522,0.209309639,0.190790457,518.0688638,517.8136047
320.7143544,320.7143544,203.3787513,225.1909242,1,0,0,1,1,0.190793522,0.171948395,0.190790457,0.171945645,642.2527994,642.235447
320.7143544,320.7143544,225.1909242,253.2309977,1,0,0,1,1,0.171948395,0.152640387,0.171945645,0.152637954,823.17079,823.3822941
320.7143544,320.7143544,253.2309977,290.8907277,1,0,0,1,1,0.152640387,0.132692437,0.152637954,0.132690328,1103.050855,1103.467881
320.7143544,320.7143544,290.8907277,344.7008089,1,0,0,1,1,0.132692437,0.111859954,0.132690328,0.111858179,1574.144213,1574.732221
320.7143544,320.7143544,344.7008089,429.2066067,1,0,0,1,1,0.111859954,0.089773333,0.111858179,0.089771911,2476.052241,2476.800542
320.7143544,320.7143544,429.2066067,585.450319,1,0,0,1,1,0.089773333,0.065795533,0.089771911,0.065795095,4636.135845,4636.916452
320.7143544,320.7143544,585.450319,1000,1,0,0,1,1,0.065795533,0.038527339,0.065795095,0.038526919,13012.51452,13012.64004
320.7143544,360.9584475,1000,68,1,0,0,0,0,0.038527339,30.16811261,0.038526919,30.16809392,-34073.56266,-34107.01821
360.9584475,360.9584475,68,70.04454961,1,0,0,0,0,30.16811261,29.86118137,30.16809392,29.86116122,123.5403102,118.4096596
360.9584475,360.9584475,70.04454961,72.20151826,1,0,0,0,0,29.86118137,29.53110092,29.86116122,29.53107908,125.1272415,124.497492
360.9584475,360.9584475,72.20151826,74.48170837,1,0,0,0,0,29.53110092,29.17520847,29.53107908,29.17518468,128.7617787,131.5057331
360.9584475,360.9584475,74.48170837,76.8974107,1,0,0,0,0,29.17520847,28.79016,29.17518468,28.79013392,134.3876365,139.5431925
360.9584475,360.9584475,76.8974107,79.46267512,1,0,0,0,0,28.79016,28.37170815,28.79013392,28.37167935,142.0074041,148.7582337
360.9584475,360.9584475,79.46267512,82.19364377,1,0,0,0,0,28.37170815,27.91437335,28.37167935,27.91434125,151.6980685,159.3555357
360.9584475,360.9584475,82.19364377,85.10896368,1,0,0,0,0,27.91437335,27.41093764,27.91434125,27.41090149,163.6375842,171.6233141
360.9584475,360.9584475,85.10896368,88.23030246,1,0,0,0,0,27.41093764,26.85162744,27.41090149,26.85158616,178.1518776,185.9800988
360.9584475,360.9584475,88.23030246,91.58299845,1,0,0,1,1,26.85162744,0.528353886,26.85158616,0.528343352,5204.244393,5223.943741
360.9584475,360.9584475,91.58299845,95.19688857,1,0,0,1,1,0.528353886,0.501215054,0.528343352,0.501205365,126.2434865,124.754299
360.9584475,360.9584475,95.19688857,99.10737368,1,0,0,1,1,0.501215054,0.475485759,0.501205365,0.475476812,133.355264,131.312
360.9584475,360.9584475,99.10737368,103.3568058,1,0,0,1,1,0.475485759,0.450920077,0.475476812,0.450911791,141.8623886,139.6050032
360.9584475,360.9584475,103.3568058,107.9963174,1,0,0,1,1,0.450920077,0.427316429,0.450911791,0.42730874,151.989561,149.6943193
360.9584475,360.9584475,107.9963174,113.0882684,1,0,0,1,1,0.427316429,0.404505788,0.42730874,0.404498642,164.0405531,161.8073522
360.9584475,360.9584475,113.0882684,118.7095703,1,0,0,1,1,0.404505788,0.382343217,0.404498642,0.382336572,178.4214862,176.3113979
360.9584475,360.9584475,118.7095703,124.9562822,1,0,0,1,1,0.382343217,0.360701583,0.382336572,0.360695405,195.6763513,193.7294763
360.9584475,360.9584475,124.9562822,131.9500886,1,0,0,1,1,0.360701583,0.339466674,0.360695405,0.339460933,216.5408175,214.7853734
360.9584475,360.9584475,131.9500886,139.8476356,1,0,0,1,1,0.339466674,0.318533209,0.339460933,0.318527882,242.0247434,240.4818623
360.9584475,360.9584475,139.8476356,148.8543261,1,0,0,1,1,0.318533209,0.297801368,0.318527882,0.297796438,273.5415575,272.2278495
360.9584475,360.9584475,148.8543261,159.2453004,1,0,0,1,1,0.297801368,0.277173519,0.297796438,0.277168969,313.1171827,312.0460834
360.9584475,360.9584475,159.2453004,171.3984319,1,0,0,1,1,0.277173519,0.256550821,0.277168969,0.256546642,363.7397196,362.9221117
360.9584475,360.9584475,171.3984319,185.8483024,1,0,0,1,1,0.256550821,0.235829343,0.256546642,0.235825527,429.9703707,429.4146249
360.9584475,360.9584475,185.8483024,203.3787513,1,0,0,1,1,0.235829343,0.214895141,0.235825527,0.214891683,519.0672126,518.7784623
360.9584475,360.9584475,203.3787513,225.1909242,1,0,0,1,1,0.214895141,0.19361742,0.214891683,0.19361432,643.1864832,643.16454
360.9584475,360.9584475,225.1909242,253.2309977,1,0,0,1,1,0.19361742,0.171838173,0.19361432,0.171835432,824.0474275,824.2824889
360.9584475,360.9584475,253.2309977,290.8907277,1,0,0,1,1,0.171838173,0.149355027,0.171835432,0.149352652,1103.879104,1104.34594
360.9584475,360.9584475,290.8907277,344.7008089,1,0,0,1,1,0.149355027,0.12588993,0.149352652,0.125887933,1574.934854,1575.595033
360.9584475,360.9584475,344.7008089,429.2066067,1,0,0,1,1,0.12588993,0.101024337,0.125887933,0.101022737,2476.820292,2477.65525
360.9584475,360.9584475,429.2066067,585.450319,1,0,0,1,1,0.101024337,0.074038798,0.101022737,0.07403839,4636.911012,4637.769817
360.9584475,360.9584475,585.450319,1000,1,0,0,1,1,0.074038798,0.043355323,0.07403839,0.043354877,13013.31995,13013.49127
360.9584475,405.6757736,1000,68,1,0,0,0,0,0.043355323,30.17119741,0.043354877,30.17117874,-34073.26047,-34106.85856
405.6757736,405.6757736,68,70.04454961,1,0,0,0,0,30.17119741,29.8644443,30.17117874,29.86442416,123.5199726,118.3916538
405.6757736,405.6757736,70.04454961,72.20151826,1,0,0,0,0,29.8644443,29.53456919,29.86442416,29.53454737,125.1043204,124.476122
405.6757736,405.6757736,72.20151826,74.48170837,1,0,0,0,0,29.53456919,29.17891582,29.53454737,29.17889205,128.7353778,131.4801849
405.6757736,405.6757736,74.48170837,76.8974107,1,0,0,0,0,29.17891582,28.79414904,29.17889205,28.79412298,134.3565405,139.5123365
405.6757736,405.6757736,76.8974107,79.46267512,1,0,0,0,0,28.79414904,28.37603392,28.79412298,28.37600515,141.9699144,148.7204646
405.6757736,405.6757736,79.46267512,82.19364377,1,0,0,0,0,28.37603392,27.91910886,28.37600515,27.91907681,151.6517279,159.3085054
405.6757736,405.6757736,82.19364377,85.10896368,1,0,0,0,0,27.91910886,27.41618286,27.91907681,27.41614677,163.5786919,171.5634611
405.6757736,405.6757736,85.10896368,88.23030246,1,0,0,0,0,27.41618286,26.85752476,27.41614677,26.85748355,178.0745815,185.9017676
405.6757736,405.6757736,88.23030246,91.58299845,1,0,0,1,1,26.85752476,0.603431929,26.85748355,0.603419458,5169.830386,5190.914766
405.6757736,405.6757736,91.58299845,95.19688857,1,0,0,1,1,0.603431929,0.571038539,0.603419458,0.571027165,129.7573178,128.6333841
405.6757736,405.6757736,95.19688857,99.10737368,1,0,0,1,1,0.571038539,0.540608837,0.571027165,0.540598408,136.4707876,134.4270956
405.6757736,405.6757736,99.10737368,103.3568058,1,0,0,1,1,0.540608837,0.511779005,0.540598408,0.511769402,144.6518392,142.2388657
405.6757736,405.6757736,103.3568058,107.9963174,1,0,0,1,1,0.511779005,0.484259374,0.511769402,0.484250505,154.5066703,151.9909293
405.6757736,405.6757736,107.9963174,113.0882684,1,0,0,1,1,0.484259374,0.457813269,0.484250505,0.457805062,166.3262783,163.8506276
405.6757736,405.6757736,113.0882684,118.7095703,1,0,0,1,1,0.457813269,0.432242503,0.457805062,0.432234899,180.5077192,178.1553439
405.6757736,405.6757736,118.7095703,124.9562822,1,0,0,1,1,0.432242503,0.407377028,0.432234899,0.407369979,197.5884036,195.4115222
405.6757736,405.6757736,124.9562822,131.9500886,1,0,0,1,1,0.407377028,0.383067236,0.407369979,0.383060704,218.2991381,216.3330319
405.6757736,405.6757736,131.9500886,139.8476356,1,0,0,1,1,0.383067236,0.359177952,0.383060704,0.359171906,243.6461417,241.9163557
405.6757736,405.6757736,139.8476356,148.8543261,1,0,0,1,1,0.359177952,0.335583451,0.359171906,0.335577865,275.0401003,273.5662092
405.6757736,405.6757736,148.8543261,159.2453004,1,0,0,1,1,0.335583451,0.312162997,0.335577865,0.312157852,314.5048754,313.3024278
405.6757736,405.6757736,159.2453004,171.3984319,1,0,0,1,1,0.312162997,0.288796465,0.312157852,0.288791746,365.0270473,364.1084668
405.6757736,405.6757736,171.3984319,185.8483024,1,0,0,1,1,0.288796465,0.265359545,0.288791746,0.265355241,431.1667549,430.5414844
405.6757736,405.6757736,185.8483024,203.3787513,1,0,0,1,1,0.265359545,0.241717888,0.265355241,0.241713992,520.1814324,519.8551999
405.6757736,405.6757736,203.3787513,225.1909242,1,0,0,1,1,0.241717888,0.217719173,0.241713992,0.217715683,644.2271136,644.1997423
405.6757736,405.6757736,225.1909242,253.2309977,1,0,0,1,1,0.217719173,0.19318126,0.217715683,0.193178177,825.0233664,825.2842492
405.6757736,405.6757736,253.2309977,290.8907277,1,0,0,1,1,0.19318126,0.167872745,0.193178177,0.167870075,1104.800315,1105.322144
405.6757736,405.6757736,290.8907277,344.7008089,1,0,0,1,1,0.167872745,0.141477616,0.167870075,0.141475372,1575.813589,1576.553632
405.6757736,405.6757736,344.7008089,429.2066067,1,0,0,1,1,0.141477616,0.113522239,0.141475372,0.113520442,2477.673464,2478.604427
405.6757736,405.6757736,429.2066067,585.450319,1,0,0,1,1,0.113522239,0.08319494,0.113520442,0.083194588,4637.771825,4638.717299
405.6757736,405.6757736,585.450319,1000,1,0,0,1,1,0.08319494,0.048718245,0.083194588,0.048717777,13014.21435,13014.4364
405.6757736,456,1000,68,1,0,0,0,0,0.048718245,30.17466602,0.048717777,30.17464736,-34072.91054,-34106.66776
456,456,68,70.04454961,1,0,0,0,0,30.17466602,29.86811295,30.17464736,29.86809283,123.4971363,118.3714412
456,456,70.04454961,72.20151826,1,0,0,0,0,29.86811295,29.53846842,29.86809283,29.53844662,125.0785893,124.4521362
456,456,72.20151826,74.48170837,1,0,0,0,0,29.53846842,29.18308346,29.53844662,29.18305971,128.7057477,131.4515149
456,456,74.48170837,76.8974107,1,0,0,0,0,29.18308346,28.79863285,29.18305971,28.79860682,134.3216507,139.4777177
456,456,76.8974107,79.46267512,1,0,0,0,0,28.79863285,28.3808956,28.79860682,28.38086686,141.9278638,148.678101
456,456,79.46267512,82.19364377,1,0,0,0,0,28.3808956,27.92443016,28.38086686,27.92439815,151.5997688,159.2557718
456,456,82.19364377,85.10896368,1,0,0,0,0,27.92443016,27.42207568,27.92439815,27.42203964,163.512689,171.4963785
456,456,85.10896368,88.23030246,1,0,0,0,0,27.42207568,26.86414834,27.42203964,26.8641072,177.9880022,185.8140238
456,456,88.23030246,91.58299845,1,0,0,0,0,26.86414834,26.23706609,26.8641072,26.2370183,195.5792655,202.835659
456,456,91.58299845,95.19688857,1,0,0,1,1,26.23706609,0.65223128,26.2370183,0.652217818,5068.237157,5082.637842
456,456,95.19688857,99.10737368,1,0,0,1,1,0.65223128,0.61592075,0.652217818,0.615908511,140.2395564,138.3455206
456,456,99.10737368,103.3568058,1,0,0,1,1,0.61592075,0.581842324,0.615908511,0.581831135,147.9829388,145.4601566
456,456,103.3568058,107.9963174,1,0,0,1,1,0.581842324,0.54956829,0.581831135,0.549558018,157.4812511,154.7478053
456,456,107.9963174,113.0882684,1,0,0,1,1,0.54956829,0.518759478,0.549558018,0.51875002,169.004313,166.2706961
456,456,113.0882684,118.7095703,1,0,0,1,1,0.518759478,0.489139361,0.51875002,0.489130635,182.9346846,180.3171943
456,456,118.7095703,124.9562822,1,0,0,1,1,0.489139361,0.460476409,0.489130635,0.460468349,199.7995675,197.3678002
456,456,124.9562822,131.9500886,1,0,0,1,1,0.460476409,0.432571528,0.460468349,0.432564081,220.3224111,218.1213573
456,456,131.9500886,139.8476356,1,0,0,1,1,0.432571528,0.405248689,0.432564081,0.405241814,245.504039,243.5650533
456,456,139.8476356,148.8543261,1,0,0,1,1,0.405248689,0.37834754,0.405241814,0.378341203,276.7511349,275.0975405
456,456,148.8543261,159.2453004,1,0,0,1,1,0.37834754,0.351717127,0.378341203,0.351711302,316.0845828,314.7345167
456,456,159.2453004,171.3984319,1,0,0,1,1,0.351717127,0.325210067,0.351711302,0.325204733,366.4887711,365.4565082
456,456,171.3984319,185.8483024,1,0,0,1,1,0.325210067,0.298676497,0.325204733,0.29867164,432.522285,431.8185495
456,456,185.8483024,203.3787513,1,0,0,1,1,0.298676497,0.271957006,0.29867164,0.271952614,521.4415677,521.0728121
456,456,203.3787513,225.1909242,1,0,0,1,1,0.271957006,0.244873338,0.271952614,0.244869408,645.4022194,645.3683249
456,456,225.1909242,253.2309977,1,0,0,1,1,0.244873338,0.217214786,0.244869408,0.217211318,826.1240155,826.4135093
456,456,253.2309977,290.8907277,1,0,0,1,1,0.217214786,0.188716099,0.217211318,0.188713097,1105.83816,1106.42143
456,456,290.8907277,344.7008089,1,0,0,1,1,0.188716099,0.159017532,0.188713097,0.15901501,1576.802768,1577.632272
456,456,344.7008089,429.2066067,1,0,0,1,1,0.159017532,0.127582556,0.15901501,0.127580537,2478.633294,2479.67194
456,456,429.2066067,585.450319,1,0,0,1,1,0.127582556,0.09349487,0.127580537,0.093494609,4638.73992,4639.782654
456,456,585.450319,1000,1,0,0,1,1,0.09349487,0.054751454,0.093494609,0.05475097,13015.22019,13015.49915
456,513.5327285,1000,68,1,0,0,0,0,0.054751454,30.17862759,0.05475097,30.17860895,-34072.49676,-34106.43411
513.5327285,513.5327285,68,70.04454961,1,0,0,0,0,30.17862759,29.8723027,30.17860895,29.8722826,123.4710954,118.348399
513.5327285,513.5327285,70.04454961,72.20151826,1,0,0,0,0,29.8723027,29.54292113,29.8722826,29.54289935,125.0492551,124.4247972
513.5327285,513.5327285,72.20151826,74.48170837,1,0,0,0,0,29.54292113,29.18784218,29.54289935,29.18781846,128.671978,131.4188434
513.5327285,513.5327285,74.48170837,76.8974107,1,0,0,0,0,29.18784218,28.80375197,29.18781846,28.80372598,134.2818987,139.4382769
513.5327285,513.5327285,76.8974107,79.46267512,1,0,0,0,0,28.80375197,28.38644528,28.80372598,28.38641659,141.8799704,148.6298515
513.5327285,513.5327285,79.46267512,82.19364377,1,0,0,0,0,28.38644528,27.93050339,28.38641659,27.93047143,151.5406145,159.1957343
513.5327285,513.5327285,82.19364377,85.10896368,1,0,0,0,0,27.93050339,27.42879957,27.93047143,27.42876359,163.4375843,171.4200415
513.5327285,513.5327285,85.10896368,88.23030246,1,0,0,0,0,27.42879957,26.87170366,27.42876359,26.87166261,177.8895471,185.7142381
513.5327285,513.5327285,88.23030246,91.58299845,1,0,0,0,0,26.87170366,26.24572307,26.87166261,26.24567539,195.4450514,202.7004137
513.5327285,513.5327285,91.58299845,95.19688857,1,0,0,1,1,26.24572307,0.748803968,26.24567539,0.748787822,5026.048775,5041.924077
513.5327285,513.5327285,95.19688857,99.10737368,1,0,0,1,1,0.748803968,0.704870747,0.748787822,0.704856232,144.9429414,143.487678
513.5327285,513.5327285,99.10737368,103.3568058,1,0,0,1,1,0.704870747,0.664126268,0.704856232,0.664113117,152.0721067,149.5326605
513.5327285,513.5327285,103.3568058,107.9963174,1,0,0,1,1,0.664126268,0.625914236,0.664113117,0.625902251,161.0851735,158.1512276
513.5327285,513.5327285,107.9963174,113.0882684,1,0,0,1,1,0.625914236,0.589732501,0.625902251,0.589721532,172.2147628,169.2090379
513.5327285,513.5327285,113.0882684,118.7095703,1,0,0,1,1,0.589732501,0.555184204,0.589721532,0.555174135,185.8190838,182.9097176
513.5327285,513.5327285,118.7095703,124.9562822,1,0,0,1,1,0.555184204,0.521946201,0.555174135,0.521936941,202.4088056,199.6913512
513.5327285,513.5327285,124.9562822,131.9500886,1,0,0,1,1,0.521946201,0.489747647,0.521936941,0.489739123,222.6958206,220.2291478
513.5327285,513.5327285,131.9500886,139.8476356,1,0,0,1,1,0.489747647,0.458354762,0.489739123,0.458346917,247.6726853,245.496091
513.5327285,513.5327285,139.8476356,148.8543261,1,0,0,1,1,0.458354762,0.427559397,0.458346917,0.427552186,278.7400706,276.8817852
513.5327285,513.5327285,148.8543261,159.2453004,1,0,0,1,1,0.427559397,0.397169843,0.427552186,0.397163229,317.9144501,316.3958788
513.5327285,513.5327285,159.2453004,171.3984319,1,0,0,1,1,0.397169843,0.367002784,0.397163229,0.36699674,368.1769871,367.014688
513.5327285,513.5327285,171.3984319,185.8483024,1,0,0,1,1,0.367002784,0.336875426,0.36699674,0.336869931,434.0839677,433.2902322
513.5327285,513.5327285,185.8483024,203.3787513,1,0,0,1,1,0.336875426,0.30659676,0.336869931,0.306591799,522.8903162,522.4724981
513.5327285,513.5327285,203.3787513,225.1909242,1,0,0,1,1,0.30659676,0.275956521,0.306591799,0.275952087,646.7508485,646.7089546
513.5327285,513.5327285,225.1909242,253.2309977,1,0,0,1,1,0.275956521,0.244709425,0.275952087,0.244705514,827.3853595,827.7069784
513.5327285,513.5327285,253.2309977,290.8907277,1,0,0,1,1,0.244709425,0.212549929,0.244705514,0.212546548,1107.026123,1107.679052
513.5327285,513.5327285,290.8907277,344.7008089,1,0,0,1,1,0.212549929,0.179066949,0.212546548,0.179064109,1577.933971,1578.865212
513.5327285,513.5327285,344.7008089,429.2066067,1,0,0,1,1,0.179066949,0.14365086,0.179064109,0.143648587,2479.730195,2480.891484
513.5327285,513.5327285,429.2066067,585.450319,1,0,0,1,1,0.14365086,0.105264651,0.143648587,0.10526453,4639.845842,4640.999405
513.5327285,513.5327285,585.450319,1000,1,0,0,1,1,0.105264651,0.061646085,0.10526453,0.061645595,13016.36921,13016.71297
513.5327285,580.630003,1000,68,1,0,0,0,0,0.061646085,30.18324255,0.061645595,30.18322393,-34071.99431,-34106.13912
580.630003,580.630003,68,70.04454961,1,0,0,0,0,30.18324255,29.87718306,30.18322393,29.87716298,123.4408145,118.3216142
580.630003,580.630003,70.04454961,72.20151826,1,0,0,0,0,29.87718306,29.54810727,29.87716298,29.54808552,125.0151548,124.3930239
580.630003,580.630003,72.20151826,74.48170837,1,0,0,0,0,29.54810727,29.19338411,29.54808552,29.19336042,128.6327345,131.3808815
580.630003,580.630003,74.48170837,76.8974107,1,0,0,0,0,29.19338411,28.80971277,29.19336042,28.80968681,134.23572,139.3924627
580.630003,580.630003,76.8974107,79.46267512,1,0,0,0,0,28.80971277,28.39290633,28.80968681,28.39287768,141.8243566,148.5738248
580.630003,580.630003,79.46267512,82.19364377,1,0,0,0,0,28.39290633,27.93757243,28.39287768,27.93754053,151.4719574,159.12605
580.630003,580.630003,82.19364377,85.10896368,1,0,0,0,0,27.93757243,27.43662382,27.93754053,27.43658792,163.3504651,171.3314877
580.630003,580.630003,85.10896368,88.23030246,1,0,0,0,0,27.43662382,26.88049221,27.43658792,26.88045126,177.7754267,185.5985667
580.630003,580.630003,88.23030246,91.58299845,1,0,0,0,0,26.88049221,26.25578806,26.88045126,26.25574053,195.2896361,202.5437909
580.630003,580.630003,91.58299845,95.19688857,1,0,0,0,0,26.25578806,25.54283083,26.25574053,25.54277431,216.8318981,223.1557164
580.630003,580.630003,95.19688857,99.10737368,1,0,0,1,1,25.54283083,0.812854579,25.54277431,0.812837075,4908.90631,4918.889754
580.630003,580.630003,99.10737368,103.3568058,1,0,0,1,1,0.812854579,0.763284015,0.812837075,0.763268343,157.2794443,154.917001
580.630003,580.630003,103.3568058,107.9963174,1,0,0,1,1,0.763284015,0.717375287,0.763268343,0.717361139,165.5968328,162.5112331
580.630003,580.630003,107.9963174,113.0882684,1,0,0,1,1,0.717375287,0.674349606,0.717361139,0.674336757,176.1799307,172.8939198
580.630003,580.630003,113.0882684,118.7095703,1,0,0,1,1,0.674349606,0.633614327,0.674336757,0.633602606,189.3431303,186.1109375
580.630003,580.630003,118.7095703,124.9562822,1,0,0,1,1,0.633614327,0.594702526,0.633602606,0.594691804,205.5686945,202.5267133
580.630003,580.630003,124.9562822,131.9500886,1,0,0,1,1,0.594702526,0.55723427,0.594691804,0.557224444,225.5493917,222.7773233
580.630003,580.630003,131.9500886,139.8476356,1,0,0,1,1,0.55723427,0.520890456,0.557224444,0.520881448,250.2645134,247.8130308
580.630003,580.630003,139.8476356,148.8543261,1,0,0,1,1,0.520890456,0.485394181,0.520881448,0.485385926,281.1053196,279.0093608
580.630003,580.630003,148.8543261,159.2453004,1,0,0,1,1,0.485394181,0.450496584,0.485385926,0.450489034,320.0815081,318.366766
580.630003,580.630003,159.2453004,171.3984319,1,0,0,1,1,0.450496584,0.415965197,0.450489034,0.415958313,370.1693452,368.855288
580.630003,580.630003,171.3984319,185.8483024,1,0,0,1,1,0.415965197,0.381573266,0.415958313,0.381567019,435.9216282,435.0225216
580.630003,580.630003,185.8483024,203.3787513,1,0,0,1,1,0.381573266,0.347088613,0.381567019,0.347082983,524.5909263,524.1152764
580.630003,580.630003,203.3787513,225.1909242,1,0,0,1,1,0.347088613,0.312260231,0.347082983,0.312255205,648.330712,648.2787526
580.630003,580.630003,225.1909242,253.2309977,1,0,0,1,1,0.312260231,0.27679977,0.312255205,0.276795343,828.860485,829.2187782
580.630003,580.630003,253.2309977,290.8907277,1,0,0,1,1,0.27679977,0.240352464,0.276795343,0.240348639,1108.413528,1109.146913
580.630003,580.630003,290.8907277,344.7008089,1,0,0,1,1,0.240352464,0.202445474,0.240348639,0.202442264,1579.253669,1580.302831
580.630003,580.630003,344.7008089,429.2066067,1,0,0,1,1,0.202445474,0.162382297,0.202442264,0.162379729,2481.008882,2482.312577
580.630003,580.630003,429.2066067,585.450319,1,0,0,1,1,0.162382297,0.118983658,0.162379729,0.118983748,4641.134474,4642.416807
580.630003,580.630003,585.450319,1000,1,0,0,1,1,0.118983658,0.06968317,0.118983748,0.069682688,13017.70803,13018.12702
580.630003,660.9394004,1000,68,1,0,0,0,0,0.06968317,30.18875889,0.069682688,30.18874029,-34071.3626,-34105.75175
660.9394004,660.9394004,68,70.04454961,1,0,0,0,0,30.18875889,29.88301606,30.18874029,29.88299601,123.4046965,118.2896791
660.9394004,660.9394004,70.04454961,72.20151826,1,0,0,0,0,29.88301606,29.55430502,29.88299601,29.5542833,124.9744958,124.3551497
660.9394004,660.9394004,72.20151826,74.48170837,1,0,0,0,0,29.55430502,29.20000613,29.5542833,29.19998248,128.585961,131.335643
660.9394004,660.9394004,74.48170837,76.8974107,1,0,0,0,0,29.20000613,28.81683412,29.19998248,28.81680821,134.1807038,139.3378851
660.9394004,660.9394004,76.8974107,79.46267512,1,0,0,0,0,28.81683412,28.40062377,28.81680821,28.40059518,141.7581314,148.5071088
660.9394004,660.9394004,79.46267512,82.19364377,1,0,0,0,0,28.40062377,27.94601397,28.40059518,27.94598214,151.3902463,159.0431133
660.9394004,660.9394004,82.19364377,85.10896368,1,0,0,0,0,27.94601397,27.44596418,27.94598214,27.44592837,163.2468524,171.2261615
660.9394004,660.9394004,85.10896368,88.23030246,1,0,0,0,0,27.44596418,26.89097926,27.44592837,26.89093843,177.6398187,185.4611035
660.9394004,660.9394004,88.23030246,91.58299845,1,0,0,0,0,26.89097926,26.26779121,26.89093843,26.26774384,195.1051716,202.3578747
660.9394004,660.9394004,91.58299845,95.19688857,1,0,0,0,0,26.26779121,25.55693785,26.26774384,25.55688158,216.5681129,222.8918664
660.9394004,660.9394004,95.19688857,99.10737368,1,0,0,1,1,25.55693785,0.948925067,25.55688158,0.948903402,4852.541792,4864.122814
660.9394004,660.9394004,99.10737368,103.3568058,1,0,0,1,1,0.948925067,0.886972883,0.948903402,0.886953803,164.2585148,162.5035096
660.9394004,660.9394004,103.3568058,107.9963174,1,0,0,1,1,0.886972883,0.830568878,0.886953803,0.830551873,171.503398,168.3891307
660.9394004,660.9394004,107.9963174,113.0882684,1,0,0,1,1,0.830568878,0.778419506,0.830551873,0.778404217,181.2783123,177.721969
660.9394004,660.9394004,113.0882684,118.7095703,1,0,0,1,1,0.778419506,0.729587105,0.778404217,0.729573274,193.8106397,190.2216215
660.9394004,660.9394004,118.7095703,124.9562822,1,0,0,1,1,0.729587105,0.683362539,0.729573274,0.683349972,209.5295482,206.1131531
660.9394004,660.9394004,124.9562822,131.9500886,1,0,0,1,1,0.683362539,0.639189024,0.683349972,0.639177572,229.0937553,225.9630016
660.9394004,660.9394004,131.9500886,139.8476356,1,0,0,1,1,0.639189024,0.596613742,0.639177572,0.596603291,253.4598438,250.6827016
660.9394004,660.9394004,139.8476356,148.8543261,1,0,0,1,1,0.596613742,0.555255297,0.596603291,0.555245759,284.0034647,281.6245652
660.9394004,660.9394004,148.8543261,159.2453004,1,0,0,1,1,0.555255297,0.514780442,0.555245759,0.514771747,322.723351,320.7742984
660.9394004,660.9394004,159.2453004,171.3984319,1,0,0,1,1,0.514780442,0.474886117,0.514771747,0.474878211,372.5879797,371.0921165
660.9394004,660.9394004,171.3984319,185.8483024,1,0,0,1,1,0.474886117,0.435284131,0.474878211,0.435276974,438.1446387,437.1188147
660.9394004,660.9394004,185.8483024,203.3787513,1,0,0,1,1,0.435284131,0.395686293,0.435276974,0.395679855,526.6421358,526.0963844
660.9394004,660.9394004,203.3787513,225.1909242,1,0,0,1,1,0.395686293,0.355787601,0.395679855,0.355781864,650.2316587,650.166599
660.9394004,660.9394004,225.1909242,253.2309977,1,0,0,1,1,0.355787601,0.315244026,0.355781864,0.315238979,830.6318597,831.032922
660.9394004,660.9394004,253.2309977,290.8907277,1,0,0,1,1,0.315244026,0.273638557,0.315238979,0.273634201,1110.076868,1110.905433
660.9394004,660.9394004,290.8907277,344.7008089,1,0,0,1,1,0.273638557,0.230421692,0.273634201,0.23041804,1580.833831,1582.023101
660.9394004,660.9394004,344.7008089,429.2066067,1,0,0,1,1,0.230421692,0.18479058,0.23041804,0.184787659,2482.538539,2484.011791
660.9394004,660.9394004,429.2066067,585.450319,1,0,0,1,1,0.18479058,0.135393536,0.184787659,0.135393948,4642.675228,4644.111
660.9394004,660.9394004,585.450319,1000,1,0,0,1,1,0.135393536,0.07929754,0.135393948,0.079297089,13019.30874,13019.8173
660.9394004,760.4977915,1000,68,1,0,0,0,0,0.07929754,30.19558635,0.079297089,30.19556778,-34070.53016,-34105.21569
760.4977915,760.4977915,68,70.04454961,1,0,0,0,0,30.19558635,29.89023457,30.19556778,29.89021455,123.3601103,118.2502761
760.4977915,760.4977915,70.04454961,72.20151826,1,0,0,0,0,29.89023457,29.56197384,29.89021455,29.56195216,124.9243255,124.3084315
760.4977915,760.4977915,72.20151826,74.48170837,1,0,0,0,0,29.56197384,29.20819855,29.56195216,29.20817495,128.5282729,131.2798596
760.4977915,760.4977915,74.48170837,76.8974107,1,0,0,0,0,29.20819855,28.82564252,29.20817495,28.82561666,134.1128846,139.270613
760.4977915,760.4977915,76.8974107,79.46267512,1,0,0,0,0,28.82564252,28.41016713,28.82561666,28.4101386,141.6765423,148.4249162
760.4977915,760.4977915,79.46267512,82.19364377,1,0,0,0,0,28.41016713,27.95644956,28.4101386,27.95641781,151.289647,158.9410006
760.4977915,760.4977915,82.19364377,85.10896368,1,0,0,0,0,27.95644956,27.4575064,27.95641781,27.4574707,163.1193945,171.0965848
760.4977915,760.4977915,85.10896368,88.23030246,1,0,0,0,0,27.4575064,26.90393182,27.4574707,26.90389114,177.4731772,185.2921636
760.4977915,760.4977915,88.23030246,91.58299845,1,0,0,0,0,26.90393182,26.28260582,26.90389114,26.28255865,194.8788095,202.129703
760.4977915,760.4977915,91.58299845,95.19688857,1,0,0,0,0,26.28260582,25.57433125,26.28255865,25.57427527,216.2450516,222.5686825
760.4977915,760.4977915,95.19688857,99.10737368,1,0,0,0,0,25.57433125,24.74904248,25.57427527,24.74897374,243.2209853,248.2734924
760.4977915,760.4977915,99.10737368,103.3568058,1,0,0,1,1,24.74904248,1.048953103,24.74897374,1.048929059,4709.395249,4716.362437
760.4977915,760.4977915,103.3568058,107.9963174,1,0,0,1,1,1.048953103,0.977148957,1.048929059,0.977127924,179.7539843,176.9283513
760.4977915,760.4977915,107.9963174,113.0882684,1,0,0,1,1,0.977148957,0.912024165,0.977127924,0.912005525,188.2194403,184.4559732
760.4977915,760.4977915,113.0882684,118.7095703,1,0,0,1,1,0.912024165,0.851957897,0.912005525,0.851941224,199.7750576,195.7986205
760.4977915,760.4977915,118.7095703,124.9562822,1,0,0,1,1,0.851957897,0.795789269,0.851941224,0.795774256,214.7375543,210.8818572
760.4977915,760.4977915,124.9562822,131.9500886,1,0,0,1,1,0.795789269,0.742647516,0.795774256,0.742633936,233.6981432,230.1343652
760.4977915,760.4977915,131.9500886,139.8476356,1,0,0,1,1,0.742647516,0.691852191,0.742633936,0.691839875,257.5706891,254.3953123
760.4977915,760.4977915,139.8476356,148.8543261,1,0,0,1,1,0.691852191,0.642850515,0.691839875,0.642839331,287.7026858,284.9754378
760.4977915,760.4977915,148.8543261,159.2453004,1,0,0,1,1,0.642850515,0.595175447,0.642839331,0.595165295,326.0737317,323.8349352
760.4977915,760.4977915,159.2453004,171.3984319,1,0,0,1,1,0.595175447,0.548415542,0.595165295,0.548406345,375.639039,373.9175073
760.4977915,760.4977915,171.3984319,185.8483024,1,0,0,1,1,0.548415542,0.502191174,0.548406345,0.502182872,440.9366482,439.7527954
760.4977915,760.4977915,185.8483024,203.3787513,1,0,0,1,1,0.502191174,0.456133307,0.502182872,0.456125859,529.2090442,528.5750272
760.4977915,760.4977915,203.3787513,225.1909242,1,0,0,1,1,0.456133307,0.409861319,0.456125859,0.409854694,652.603418,652.5205065
760.4977915,760.4977915,225.1909242,253.2309977,1,0,0,1,1,0.409861319,0.362955421,0.409854694,0.362949603,832.8365413,833.2889069
760.4977915,760.4977915,253.2309977,290.8907277,1,0,0,1,1,0.362955421,0.314916108,0.362949603,0.314911094,1112.142995,1113.087856
760.4977915,760.4977915,290.8907277,344.7008089,1,0,0,1,1,0.314916108,0.265094508,0.314911094,0.265090308,1582.793612,1584.155004
760.4977915,760.4977915,344.7008089,429.2066067,1,0,0,1,1,0.265094508,0.212552257,0.265090308,0.2125489,2484.433576,2486.115682
760.4977915,760.4977915,429.2066067,585.450319,1,0,0,1,1,0.212552257,0.155720683,0.2125489,0.155721596,4644.582815,4646.207768
760.4977915,760.4977915,585.450319,1000,1,0,0,1,1,0.155720683,0.091208328,0.155721596,0.091207947,13021.2905,13021.90938
760.4977915,890.25,1000,68,1,0,0,0,0,0.091208328,30.20446609,0.091207947,30.20444756,-34069.35749,-34104.41765
890.25,890.25,68,70.04454961,1,0,0,0,0,30.20446609,29.89962149,30.20444756,29.89960151,123.3023132,118.1992303
890.25,890.25,70.04454961,72.20151826,1,0,0,0,0,29.89962149,29.57194456,29.89960151,29.57192294,124.8593257,124.2479299
890.25,890.25,72.20151826,74.48170837,1,0,0,0,0,29.57194456,29.2188478,29.57192294,29.21882425,128.4535774,131.2076488
890.25,890.25,74.48170837,76.8974107,1,0,0,0,0,29.2188478,28.83708955,29.21882425,28.83706377,134.0251284,139.1835755
890.25,890.25,76.8974107,79.46267512,1,0,0,0,0,28.83708955,28.42256545,28.83706377,28.42253701,141.571046,148.3186415
890.25,890.25,79.46267512,82.19364377,1,0,0,0,0,28.42256545,27.97000179,28.42253701,27.96997015,151.1596821,158.8090728
890.25,890.25,82.19364377,85.10896368,1,0,0,0,0,27.97000179,27.47248838,27.96997015,27.47245283,162.9549027,170.9293403
890.25,890.25,85.10896368,88.23030246,1,0,0,0,0,27.47248838,26.92073355,27.47245283,26.92069306,177.2584009,185.0743946
890.25,890.25,88.23030246,91.58299845,1,0,0,0,0,26.92073355,26.30180588,26.92069306,26.30175898,194.5875743,201.8360932
890.25,890.25,91.58299845,95.19688857,1,0,0,0,0,26.30180588,25.59684445,26.30175898,25.59678886,215.8304309,222.1538335
890.25,890.25,95.19688857,99.10737368,1,0,0,0,0,25.59684445,24.77644964,25.59678886,24.77638152,242.5895305,247.6471513
890.25,890.25,99.10737368,103.3568058,1,0,0,1,1,24.77644964,1.277342502,24.77638152,1.277310308,4620.480347,4628.975335
890.25,890.25,103.3568058,107.9963174,1,0,0,1,1,1.277342502,1.180178428,1.277310308,1.18015112,192.5201898,190.9139708
890.25,890.25,107.9963174,113.0882684,1,0,0,1,1,1.180178428,1.094681203,1.18015112,1.094657537,198.5334406,194.7976458
890.25,890.25,113.0882684,118.7095703,1,0,0,1,1,1.094681203,1.0176019,1.094657537,1.017581086,208.3804037,204.0171562
890.25,890.25,118.7095703,124.9562822,1,0,0,1,1,1.0176019,0.94679362,1.017581086,0.946775124,222.0867198,217.7087667
890.25,890.25,124.9562822,131.9500886,1,0,0,1,1,0.94679362,0.880745862,0.946775124,0.880729308,240.0852454,235.9794207
890.25,890.25,131.9500886,139.8476356,1,0,0,1,1,0.880745862,0.818339781,0.880729308,0.818324894,263.1969157,259.512524
890.25,890.25,139.8476356,148.8543261,1,0,0,1,1,0.818339781,0.758707975,0.818324894,0.758694552,292.7114837,289.5344232
890.25,890.25,148.8543261,159.2453004,1,0,0,1,1,0.758707975,0.701148013,0.758694552,0.701135898,330.5710901,327.955848
890.25,890.25,159.2453004,171.3984319,1,0,0,1,1,0.701148013,0.645065067,0.701135898,0.645054144,379.705886,377.6896858
890.25,890.25,171.3984319,185.8483024,1,0,0,1,1,0.645065067,0.58993046,0.645054144,0.58992064,444.6368582,443.2454124
890.25,890.25,185.8483024,203.3787513,1,0,0,1,1,0.58993046,0.535248079,0.58992064,0.535239296,532.5949346,531.8435625
890.25,890.25,203.3787513,225.1909242,1,0,0,1,1,0.535248079,0.480522612,0.535239296,0.480514822,655.7198412,655.6109473
890.25,890.25,225.1909242,253.2309977,1,0,0,1,1,0.480522612,0.425223305,0.480514822,0.425216479,835.7243332,836.2406839
890.25,890.25,253.2309977,290.8907277,1,0,0,1,1,0.425223305,0.368733644,0.425216479,0.368727771,1114.842477,1115.936072
890.25,890.25,290.8907277,344.7008089,1,0,0,1,1,0.368733644,0.310267684,0.368727771,0.31026277,1585.349133,1586.932238
890.25,890.25,344.7008089,429.2066067,1,0,0,1,1,0.310267684,0.248704158,0.31026277,0.248700234,2486.901202,2488.853266
890.25,890.25,429.2066067,585.450319,1,0,0,1,1,0.248704158,0.182186112,0.248700234,0.182187848,4647.064818,4648.934606
890.25,890.25,585.450319,1000,1,0,0,1,1,0.182186112,0.106718101,0.182187848,0.106717868,13023.86892,13024.6304
890.25,1072.857418,1000,68,1,0,0,0,0,0.106718101,30.21692815,0.106717868,30.21690967,-34067.52889,-34103.09257
1072.857418,1072.857418,68,70.04454961,1,0,0,0,0,30.21692815,29.9127926,30.21690967,29.91277269,123.2215627,118.1279732
1072.857418,1072.857418,70.04454961,72.20151826,1,0,0,0,0,29.9127926,29.58593147,29.91277269,29.58590991,124.7685795,124.1635129
1072.857418,1072.857418,72.20151826,74.48170837,1,0,0,0,0,29.58593147,29.23378226,29.58590991,29.2337588,128.3493786,131.1069517
1072.857418,1072.857418,74.48170837,76.8974107,1,0,0,0,0,29.23378226,28.85313733,29.2337588,28.85311165,133.9028179,139.0622869
1072.857418,1072.857418,76.8974107,79.46267512,1,0,0,0,0,28.85313733,28.43993959,28.85311165,28.43991128,141.4241563,148.1706715
1072.857418,1072.857418,79.46267512,82.19364377,1,0,0,0,0,28.43993959,27.98898309,28.43991128,27.98895161,150.9789331,158.6255791
1072.857418,1072.857418,82.19364377,85.10896368,1,0,0,0,0,27.98898309,27.49345833,27.98895161,27.49342297,162.7264563,170.6970359
1072.857418,1072.857418,85.10896368,88.23030246,1,0,0,0,0,27.49345833,26.94423012,27.49342297,26.94418989,176.9606481,184.7724343
1072.857418,1072.857418,88.23030246,91.58299845,1,0,0,0,0,26.94423012,26.32862451,26.94418989,26.32857797,194.1847712,201.4299173
1072.857418,1072.857418,91.58299845,95.19688857,1,0,0,0,0,26.32862451,25.62823696,26.32857797,25.62818189,215.2588612,221.5818148
1072.857418,1072.857418,95.19688857,99.10737368,1,0,0,0,0,25.62823696,24.81456423,25.62818189,24.81449693,241.7233673,246.7877725
1072.857418,1072.857418,99.10737368,103.3568058,1,0,0,0,0,24.81456423,23.83899606,24.81449693,23.83890956,276.6275581,280.0525207
1072.857418,1072.857418,103.3568058,107.9963174,1,0,0,1,1,23.83899606,1.49445141,23.83890956,1.494412424,4419.997753,4425.918877
1072.857418,1072.857418,107.9963174,113.0882684,1,0,0,1,1,1.49445141,1.371019167,1.494412424,1.370986756,216.3587806,213.5809528
1072.857418,1072.857418,113.0882684,118.7095703,1,0,0,1,1,1.371019167,1.264121573,1.370986756,1.264093894,222.5081196,217.9224583
1072.857418,1072.857418,118.7095703,124.9562822,1,0,0,1,1,1.264121573,1.168781144,1.264093894,1.168757078,233.7191597,228.7315357
1072.857418,1072.857418,124.9562822,131.9500886,1,0,0,1,1,1.168781144,1.081843434,1.168757078,1.081822253,249.925202,245.1081591
1072.857418,1072.857418,131.9500886,139.8476356,1,0,0,1,1,1.081843434,1.001154997,1.081822253,1.001136198,271.6880939,267.308955
1072.857418,1072.857418,139.8476356,148.8543261,1,0,0,1,1,1.001154997,0.925155356,1.001136198,0.925138583,300.150859,296.3491975
1072.857418,1072.857418,148.8543261,159.2453004,1,0,0,1,1,0.925155356,0.852652931,0.925138583,0.852637922,337.1669939,334.02406
1072.857418,1072.857418,159.2453004,171.3984319,1,0,0,1,1,0.852652931,0.782691022,0.852637922,0.782677583,385.6104998,383.1782779
1072.857418,1072.857418,171.3984319,185.8483024,1,0,0,1,1,0.782691022,0.714460546,0.782677583,0.714448534,449.9656491,448.2786957
1072.857418,1072.857418,185.8483024,203.3787513,1,0,0,1,1,0.714460546,0.647237029,0.714448534,0.647226337,537.4390603,536.5179279
1072.857418,1072.857418,203.3787513,225.1909242,1,0,0,1,1,0.647237029,0.580328128,0.647226337,0.58031868,660.1546985,660.003931
1072.857418,1072.857418,225.1909242,253.2309977,1,0,0,1,1,0.580328128,0.51302064,0.58031868,0.513012387,839.8161422,840.416966
1072.857418,1072.857418,253.2309977,290.8907277,1,0,0,1,1,0.51302064,0.444513533,0.513012387,0.444506448,1118.654325,1119.951775
1072.857418,1072.857418,290.8907277,344.7008089,1,0,0,1,1,0.444513533,0.373812496,0.444506448,0.373806579,1588.948123,1590.838234
1072.857418,1072.857418,344.7008089,429.2066067,1,0,0,1,1,0.373812496,0.299526315,0.373806579,0.299521595,2490.369823,2492.697527
1072.857418,1072.857418,429.2066067,585.450319,1,0,0,1,1,0.299526315,0.219381597,0.299521595,0.219384815,4650.549944,4652.761019
1072.857418,1072.857418,585.450319,1000,1,0,0,1,1,0.219381597,0.128520428,0.219384815,0.128520503,13027.4893,13028.4492
1072.857418,1366.480283,1000,68,1,0,0,0,0,0.128520428,30.23688167,0.128520503,30.23686328,-34064.14025,-34100.4535
1366.480283,1366.480283,68,70.04454961,1,0,0,0,0,30.23688167,29.93387488,30.23686328,29.93385507,123.0931459,118.0148018
1366.480283,1366.480283,70.04454961,72.20151826,1,0,0,0,0,29.93387488,29.60831139,29.93385507,29.60828995,124.624429,124.0295351
1366.480283,1366.480283,72.20151826,74.48170837,1,0,0,0,0,29.60831139,29.25766808,29.60828995,29.25764475,128.1840589,130.9472732
1366.480283,1366.480283,74.48170837,76.8974107,1,0,0,0,0,29.25766808,28.87879057,29.25764475,28.87876505,133.7090201,138.8701565
1366.480283,1366.480283,76.8974107,79.46267512,1,0,0,0,0,28.87879057,28.46769569,28.87876505,28.46766758,141.1917609,147.9365746
1366.480283,1366.480283,79.46267512,82.19364377,1,0,0,0,0,28.46769569,28.01928313,28.46766758,28.0192519,150.693465,158.3357397
1366.480283,1366.480283,82.19364377,85.10896368,1,0,0,0,0,28.01928313,27.52689977,28.0192519,27.52686472,162.3664136,170.3308274
1366.480283,1366.480283,85.10896368,88.23030246,1,0,0,0,0,27.52689977,26.98165233,27.52686472,26.98161251,176.4926138,184.2976442
1366.480283,1366.480283,88.23030246,91.58299845,1,0,0,0,0,26.98165233,26.37126235,26.98161251,26.37121638,193.5538134,200.7934624
1366.480283,1366.480283,91.58299845,95.19688857,1,0,0,0,0,26.37126235,25.67802033,26.37121638,25.67796608,214.3678874,220.6898184
1366.480283,1366.480283,95.19688857,99.10737368,1,0,0,0,0,25.67802033,24.87477147,25.67796608,24.87470546,240.3829773,245.4573397
1366.480283,1366.480283,99.10737368,103.3568058,1,0,0,0,0,24.87477147,23.91592816,24.87470546,23.91584393,274.4111141,277.873079
1366.480283,1366.480283,103.3568058,107.9963174,1,0,0,0,0,23.91592816,22.71282582,23.91584393,22.71270887,322.911944,324.2102011
1366.480283,1366.480283,107.9963174,113.0882684,1,0,0,1,1,22.71282582,1.87812127,22.71270887,1.878068131,4138.201464,4143.496797
1366.480283,1366.480283,113.0882684,118.7095703,1,0,0,1,1,1.87812127,1.701000918,1.878068131,1.70095856,252.6193584,249.0673888
1366.480283,1366.480283,118.7095703,124.9562822,1,0,0,1,1,1.701000918,1.552880637,1.70095856,1.55284547,256.6750953,251.1667185
1366.480283,1366.480283,124.9562822,131.9500886,1,0,0,1,1,1.552880637,1.423800912,1.55284547,1.423770966,268.3510299,262.5580212
1366.480283,1366.480283,131.9500886,139.8476356,1,0,0,1,1,1.423800912,1.307972094,1.423770966,1.307946164,287.0004551,281.5672887
1366.480283,1366.480283,139.8476356,148.8543261,1,0,0,1,1,1.307972094,1.201675349,1.307946164,1.201652649,313.1958167,308.4119039
1366.480283,1366.480283,148.8543261,159.2453004,1,0,0,1,1,1.201675349,1.102334348,1.201652649,1.102314338,348.4882921,344.5012224
1366.480283,1366.480283,159.2453004,171.3984319,1,0,0,1,1,1.102334348,1.008046265,1.102314338,1.008028562,395.5782181,392.4727814
1366.480283,1366.480283,171.3984319,185.8483024,1,0,0,1,1,1.008046265,0.91731841,1.008028562,0.917302738,458.8442672,456.6731112
1366.480283,1366.480283,185.8483024,203.3787513,1,0,0,1,1,0.91731841,0.828904425,0.917302738,0.828890583,545.4265257,544.2205874
1366.480283,1366.480283,203.3787513,225.1909242,1,0,0,1,1,0.828904425,0.741688819,0.828890583,0.741676663,667.4067228,667.175261
1366.480283,1366.480283,225.1909242,253.2309977,1,0,0,1,1,0.741688819,0.654589732,0.741676663,0.654579164,846.4629106,847.185685
1366.480283,1366.480283,253.2309977,290.8907277,1,0,0,1,1,0.654589732,0.566454549,0.654579164,0.566445512,1124.813936,1126.425662
1366.480283,1366.480283,290.8907277,344.7008089,1,0,0,1,1,0.566454549,0.47591264,0.566445512,0.475905114,1594.740451,1597.111853
1366.480283,1366.480283,344.7008089,429.2066067,1,0,0,1,1,0.47591264,0.38110625,0.475905114,0.381100257,2495.936447,2498.85764
1366.480283,1366.480283,429.2066067,585.450319,1,0,0,1,1,0.38110625,0.279065475,0.381100257,0.279071861,4656.13422,4658.886047
1366.480283,1366.480283,585.450319,1000,1,0,0,1,1,0.279065475,0.163515195,0.279071861,0.163516016,13033.29011,13034.5636
1366.480283,2000,1000,68,1,0,0,0,0,0.163515195,30.27958292,0.163516016,30.2795647,-34055.09338,-34092.78918
2000,2000,68,70.04454961,1,0,0,0,0,30.27958292,29.97896501,30.2795647,29.9789454,122.821902,117.7763647
2000,2000,70.04454961,72.20151826,1,0,0,0,0,29.97896501,29.65614381,29.9789454,29.65612261,124.3206073,123.7476389
2000,2000,72.20151826,74.48170837,1,0,0,0,0,29.65614381,29.30867738,29.65612261,29.30865434,127.8364237,130.6118468
2000,2000,74.48170837,76.8974107,1,0,0,0,0,29.30867738,28.93352084,29.30865434,28.93349566,133.3025285,138.4673559
2000,2000,76.8974107,79.46267512,1,0,0,0,0,28.93352084,28.52684223,28.93349566,28.52681453,140.7056891,147.4469707
2000,2000,79.46267512,82.19364377,1,0,0,0,0,28.52684223,28.08375606,28.52681453,28.08372534,150.0983424,157.7313497
2000,2000,82.19364377,85.10896368,1,0,0,0,0,28.08375606,27.59792507,28.08372534,27.59789068,161.6187743,169.57003
2000,2000,85.10896368,88.23030246,1,0,0,0,0,27.59792507,27.06094024,27.59789068,27.06090127,175.5255052,183.3159917
2000,2000,88.23030246,91.58299845,1,0,0,0,0,27.06094024,26.46130565,27.06090127,26.46126084,192.25844,199.4859314
2000,2000,91.58299845,95.19688857,1,0,0,0,0,26.46130565,25.78266567,26.46126084,25.78261308,212.5549275,218.8734831
2000,2000,95.19688857,99.10737368,1,0,0,0,0,25.78266567,25.00043375,25.78261308,25.00037029,237.6912426,242.7834939
2000,2000,99.10737368,103.3568058,1,0,0,0,0,25.00043375,24.0745831,25.00037029,24.07450326,270.0545052,273.5848516
2000,2000,103.3568058,107.9963174,1,0,0,0,0,24.0745831,22.9312933,24.07450326,22.93118551,314.7830639,316.2897424
2000,2000,107.9963174,113.0882684,1,0,0,0,0,22.9312933,21.40019355,22.93118551,21.4000251,386.2384111,384.7415921
2000,2000,113.0882684,118.7095703,1,0,0,1,1,21.40019355,2.928218529,21.4000251,2.928106348,3619.637515,3626.295685
2000,2000,118.7095703,124.9562822,1,0,0,1,1,2.928218529,2.543394486,2.928106348,2.543318792,342.9326648,341.0936185
2000,2000,124.9562822,131.9500886,1,0,0,1,1,2.543394486,2.261690091,2.543318792,2.26163269,325.9267766,319.2772259
2000,2000,131.9500886,139.8476356,1,0,0,1,1,2.261690091,2.034470527,2.26163269,2.03442441,329.8687075,322.5304818
2000,2000,139.8476356,148.8543261,1,0,0,1,1,2.034470527,1.840630141,2.03442441,1.840591825,347.1539767,340.3516191
2000,2000,148.8543261,159.2453004,1,0,0,1,1,1.840630141,1.668875401,1.840591825,1.668842897,376.4886408,370.6886369
2000,2000,159.2453004,171.3984319,1,0,0,1,1,1.668875401,1.512325623,1.668842897,1.51229769,419.3235132,414.7374439
2000,2000,171.3984319,185.8483024,1,0,0,1,1,1.512325623,1.366366895,1.51229769,1.366342715,479.4063385,476.1453168
2000,2000,185.8483024,203.3787513,1,0,0,1,1,1.366366895,1.227640319,1.366342715,1.227619334,563.5284061,561.6537712
2000,2000,203.3787513,225.1909242,1,0,0,1,1,1.227640319,1.093494586,1.227619334,1.093476409,683.5677675,683.1034852
2000,2000,225.1909242,253.2309977,1,0,0,1,1,1.093494586,0.961641933,1.093476409,0.9616263,861.0820686,862.0082741
2000,2000,253.2309977,290.8907277,1,0,0,1,1,0.961641933,0.829890196,0.9616263,0.829876936,1138.224478,1140.456847
2000,2000,290.8907277,344.7008089,1,0,0,1,1,0.829890196,0.695857039,0.829876936,0.695846059,1607.254813,1610.612476
2000,2000,344.7008089,429.2066067,1,0,0,1,1,0.695857039,0.556529156,0.695846059,0.556520446,2507.898606,2512.056159
2000,2000,429.2066067,585.450319,1,0,0,1,1,0.556529156,0.407316464,0.556520446,0.407332914,4668.099107,4671.984271
2000,2000,585.450319,1000,1,0,0,1,1,0.407316464,0.238759656,0.407332914,0.238763116,13045.71918,13047.64685
