70,70,68,68,0,0,1,0,0,0,0,38.94656744,38.94656744,38.94655228,38.94655228,0,0
70,70,68,69.54914986,0,0,1,0,0,0,0,38.94656744,38.72436575,38.94655228,38.72434984,201.2948659,83.53469442
70,70,69.54914986,71.17098896,0,0,1,0,0,0,0,38.72436575,38.49056746,38.72434984,38.49055072,188.8516138,87.08656926
70,70,71.17098896,72.87144688,0,0,1,0,0,0,0,38.49056746,38.24417708,38.49055072,38.24415944,178.3060848,91.03517989
70,70,72.87144688,74.65714286,0,0,1,0,0,0,0,38.24417708,37.98403712,38.24415944,37.98401848,169.5982364,95.41773037
70,70,74.65714286,76.53549117,0,0,1,0,0,0,0,37.98403712,37.70879618,37.98401848,37.70877643,162.680603,100.2790003
70,70,76.53549117,78.51482659,0,0,1,0,0,0,0,37.70879618,37.41686874,37.70877643,37.41684776,157.5197707,105.6731223
70,70,78.51482659,80.60455477,0,0,1,0,0,0,0,37.41686874,37.10638364,37.41684776,37.10636129,154.0984188,111.6658971
70,70,80.60455477,82.81533343,0,0,1,0,0,0,0,37.10638364,36.77511736,37.10636129,36.77509345,152.4181394,118.3378492
70,70,82.81533343,85.15929206,0,0,1,0,0,0,0,36.77511736,36.42040616,36.77509345,36.42038047,152.5033504,125.7883294
152.9925457,152.9925457,68,69.54914986,0,0,1,0,0,0,0,38.95024021,38.72815658,38.95022507,38.72814068,201.285939,83.52723362
152.9925457,152.9925457,69.54914986,71.17098896,0,0,1,0,0,0,0,38.72815658,38.49448705,38.72814068,38.49447032,188.8419375,87.07779369
152.9925457,152.9925457,71.17098896,72.87144688,0,0,1,0,0,0,0,38.49448705,38.24823766,38.49447032,38.24822003,178.295466,91.02490879
152.9925457,152.9925457,72.87144688,74.65714286,0,0,1,0,0,0,0,38.24823766,37.98825276,38.24822003,37.98823413,169.5864426,95.40574267
152.9925457,152.9925457,74.65714286,76.53549117,0,0,1,0,0,0,0,37.98825276,37.71318325,37.98823413,37.71316352,162.6673505,100.2650232
152.9925457,152.9925457,76.53549117,78.51482659,0,0,1,0,0,0,0,37.71318325,37.42144643,37.71316352,37.42142547,157.5047089,105.656816
152.9925457,152.9925457,78.51482659,80.60455477,0,0,1,0,0,0,0,37.42144643,37.1111747,37.42142547,37.11115237,154.0811081,111.6468329
152.9925457,152.9925457,80.60455477,82.81533343,0,0,1,0,0,0,0,37.1111747,36.78014905,37.11115237,36.78012516,152.3980205,118.31548
152.9925457,152.9925457,82.81533343,85.15929206,0,0,1,0,0,0,0,36.78014905,36.42571159,36.78012516,36.42568594,152.4796989,125.7619453
152.9925457,152.9925457,85.15929206,87.6503002,0,0,1,0,0,0,0,36.42571159,36.04464848,36.42568594,36.0446208,154.3786408,134.109788
152.9925457,152.9925457,87.6503002,90.30429735,0,0,1,0,0,0,0,36.04464848,35.63302994,36.0446208,35.63299991,158.1833656,143.5147465
152.9925457,152.9925457,90.30429735,93.13970173,0,0,1,0,0,0,0,35.63302994,35.18598657,35.63299991,35.18595378,164.0297254,154.1759395
239.8792691,239.8792691,68,69.54914986,0,0,1,0,0,0,0,38.95408211,38.73212184,38.95406697,38.73210595,201.276615,83.51944465
239.8792691,239.8792691,69.54914986,71.17098896,0,0,1,0,0,0,0,38.73212184,38.49858684,38.73210595,38.49857013,188.831832,87.06863152
239.8792691,239.8792691,71.17098896,72.87144688,0,0,1,0,0,0,0,38.49858684,38.25248475,38.49857013,38.25246714,178.2843775,91.01418485
239.8792691,239.8792691,72.87144688,74.65714286,0,0,1,0,0,0,0,38.25248475,37.99266185,38.25246714,37.99264324,169.5741284,95.39322635
239.8792691,239.8792691,74.65714286,76.53549117,0,0,1,0,0,0,0,37.99266185,37.71777141,37.99264324,37.7177517,162.6535149,100.2504301
239.8792691,239.8792691,76.53549117,78.51482659,0,0,1,0,0,0,0,37.71777141,37.42623368,37.7177517,37.42621275,157.4889863,105.6397916
239.8792691,239.8792691,78.51482659,80.60455477,0,0,1,0,0,0,0,37.42623368,37.11618476,37.42621275,37.11616245,154.0630404,111.6269308
239.8792691,239.8792691,80.60455477,82.81533343,0,0,1,0,0,0,0,37.11618476,36.78541036,37.11616245,36.7853865,152.3770246,118.2921297
239.8792691,239.8792691,82.81533343,85.15929206,0,0,1,0,0,0,0,36.78541036,36.43125868,36.7853865,36.43123306,152.4550203,125.7344075
239.8792691,239.8792691,85.15929206,87.6503002,0,0,1,0,0,0,0,36.43125868,36.05052388,36.43123306,36.05049624,154.3492844,134.0770871
239.8792691,239.8792691,87.6503002,90.30429735,0,0,1,0,0,0,0,36.05052388,35.63928696,36.05049624,35.63925697,158.1479909,143.4755687
239.8792691,239.8792691,90.30429735,93.13970173,0,0,1,0,0,0,0,35.63928696,35.19269331,35.63925697,35.19266056,163.9864822,154.1284726
239.8792691,239.8792691,93.13970173,96.17792128,0,0,1,0,0,0,0,35.19269331,34.70463296,35.19266056,34.70459693,172.0640802,166.2941214
330.9778353,330.9778353,68,69.54914986,0,0,1,0,0,0,0,38.95810672,38.73627554,38.9580916,38.73625967,201.2668629,83.51130209
330.9778353,330.9778353,69.54914986,71.17098896,0,0,1,0,0,0,0,38.73627554,38.50288131,38.73625967,38.50286462,188.8212638,87.05905274
330.9778353,330.9778353,71.17098896,72.87144688,0,0,1,0,0,0,0,38.50288131,38.25693332,38.50286462,38.25691573,178.2727827,91.00297288
330.9778353,330.9778353,72.87144688,74.65714286,0,0,1,0,0,0,0,38.25693332,37.99727989,38.25691573,37.9972613,169.5612536,95.38014037
330.9778353,330.9778353,74.65714286,76.53549117,0,0,1,0,0,0,0,37.99727989,37.72257676,37.9972613,37.72255707,162.6390511,100.235173
330.9778353,330.9778353,76.53549117,78.51482659,0,0,1,0,0,0,0,37.72257676,37.43124726,37.72255707,37.43122634,157.4725519,105.6219936
330.9778353,330.9778353,78.51482659,80.60455477,0,0,1,0,0,0,0,37.43124726,37.12143134,37.43122634,37.12140905,154.0441572,111.6061257
330.9778353,330.9778353,80.60455477,82.81533343,0,0,1,0,0,0,0,37.12143134,36.79091963,37.12140905,36.7908958,152.3550843,118.2677225
330.9778353,330.9778353,82.81533343,85.15929206,0,0,1,0,0,0,0,36.79091963,36.43706668,36.7908958,36.43704109,152.4292358,125.705627
330.9778353,330.9778353,85.15929206,87.6503002,0,0,1,0,0,0,0,36.43706668,36.05667502,36.43704109,36.05664741,154.3186182,134.0429162
330.9778353,330.9778353,87.6503002,90.30429735,0,0,1,0,0,0,0,36.05667502,35.64583684,36.05664741,35.64580689,158.1110461,143.4346384
330.9778353,330.9778353,90.30429735,93.13970173,0,0,1,0,0,0,0,35.64583684,35.19971293,35.64580689,35.19968023,163.9413317,154.0788958
330.9778353,330.9778353,93.13970173,96.17792128,0,0,1,0,0,0,0,35.19971293,34.71221509,35.19968023,34.71217913,172.0079891,166.233222
330.9778353,330.9778353,96.17792128,99.44399793,0,0,1,0,0,0,0,34.71221509,34.17553447,34.71217913,34.17549453,182.5990595,180.2397341
330.9778353,330.9778353,99.44399793,102.9674282,0,0,1,0,0,0,0,34.17553447,33.57941183,34.17549453,33.57936696,196.1338679,196.5656404
426.6428571,426.6428571,68,69.54914986,0,0,1,0,0,0,0,38.96232921,38.74063331,38.9623141,38.74061745,201.2566481,83.50277769
426.6428571,426.6428571,69.54914986,71.17098896,0,0,1,0,0,0,0,38.74063331,38.50738658,38.74061745,38.5073699,188.8101957,87.04902404
426.6428571,426.6428571,71.17098896,72.87144688,0,0,1,0,0,0,0,38.50738658,38.26160006,38.5073699,38.26158248,178.260641,90.99123384
426.6428571,426.6428571,72.87144688,74.65714286,0,0,1,0,0,0,0,38.26160006,38.00212417,38.26158248,38.0021056,169.5477733,95.3664391
426.6428571,426.6428571,74.65714286,76.53549117,0,0,1,0,0,0,0,38.00212417,37.72761725,38.0021056,37.72759758,162.623909,100.219199
426.6428571,426.6428571,76.53549117,78.51482659,0,0,1,0,0,0,0,37.72761725,37.43650584,37.72759758,37.43648495,157.455349,105.6033601
426.6428571,426.6428571,78.51482659,80.60455477,0,0,1,0,0,0,0,37.43650584,37.12693393,37.43648495,37.12691167,154.0243937,111.5843455
426.6428571,426.6428571,80.60455477,82.81533343,0,0,1,0,0,0,0,37.12693393,36.79669727,37.12691167,36.79667347,152.3321246,118.242174
426.6428571,426.6428571,82.81533343,85.15929206,0,0,1,0,0,0,0,36.79669727,36.44315706,36.79667347,36.4431315,152.4022578,125.6755049
426.6428571,426.6428571,85.15929206,87.6503002,0,0,1,0,0,0,0,36.44315706,36.06312452,36.4431315,36.06309695,154.2865389,134.0071587
426.6428571,426.6428571,87.6503002,90.30429735,0,0,1,0,0,0,0,36.06312452,35.65270356,36.06309695,35.65267365,158.0724077,143.3918172
426.6428571,426.6428571,90.30429735,93.13970173,0,0,1,0,0,0,0,35.65270356,35.207071,35.65267365,35.20703836,163.8941247,154.0270429
426.6428571,426.6428571,93.13970173,96.17792128,0,0,1,0,0,0,0,35.207071,34.72016134,35.20703836,34.72012543,171.9493632,166.1695493
426.6428571,426.6428571,96.17792128,99.44399793,0,0,1,0,0,0,0,34.72016134,34.18419876,34.72012543,34.1841589,182.5248349,180.1601549
426.6428571,426.6428571,99.44399793,102.9674282,0,0,1,0,0,0,0,34.18419876,33.58897431,34.1841589,33.58892955,196.0376601,196.4639137
527.2715386,527.2715386,68,69.54914986,0,0,1,0,0,0,0,38.96676652,38.74521261,38.96675142,38.74519676,201.2459323,83.49384
527.2715386,527.2715386,69.54914986,71.17098896,0,0,1,0,0,0,0,38.74521261,38.51212069,38.74519676,38.51210402,188.7985862,87.03850828
527.2715386,527.2715386,71.17098896,72.87144688,0,0,1,0,0,0,0,38.51212069,38.26650361,38.51210402,38.26648605,178.2479071,90.97892416
527.2715386,527.2715386,72.87144688,74.65714286,0,0,1,0,0,0,0,38.26650361,38.00721402,38.26648605,38.00719547,169.5336372,95.3520717
527.2715386,527.2715386,74.65714286,76.53549117,0,0,1,0,0,0,0,38.00721402,37.73291295,38.00719547,37.7328933,162.6080324,100.2024487
527.2715386,527.2715386,76.53549117,78.51482659,0,0,1,0,0,0,0,37.73291295,37.44203032,37.7328933,37.44200945,157.4373142,105.5838219
527.2715386,527.2715386,78.51482659,80.60455477,0,0,1,0,0,0,0,37.44203032,37.13271434,37.44200945,37.13269211,154.0036775,111.5615098
527.2715386,527.2715386,80.60455477,82.81533343,0,0,1,0,0,0,0,37.13271434,36.80276612,37.13269211,36.80274235,152.3080619,118.2153903
527.2715386,527.2715386,82.81533343,85.15929206,0,0,1,0,0,0,0,36.80276612,36.44955379,36.80274235,36.44952827,152.373989,125.643931
527.2715386,527.2715386,85.15929206,87.6503002,0,0,1,0,0,0,0,36.44955379,36.06989769,36.44952827,36.06987016,154.2529314,133.9696847
527.2715386,527.2715386,87.6503002,90.30429735,0,0,1,0,0,0,0,36.06989769,35.65991393,36.06987016,35.65988407,158.0319386,143.3469506
527.2715386,527.2715386,90.30429735,93.13970173,0,0,1,0,0,0,0,35.65991393,35.2147961,35.65988407,35.21476352,163.8446953,153.9727292
527.2715386,527.2715386,93.13970173,96.17792128,0,0,1,0,0,0,0,35.2147961,34.72850232,35.21476352,34.72846649,171.8879993,166.1028793
527.2715386,527.2715386,96.17792128,99.44399793,0,0,1,0,0,0,0,34.72850232,34.19329127,34.72846649,34.1932515,182.4471788,180.0768688
527.2715386,527.2715386,99.44399793,102.9674282,0,0,1,0,0,0,0,34.19329127,33.59900629,34.1932515,33.59896163,195.937063,196.3575139
527.2715386,527.2715386,102.9674282,106.7832191,0,0,1,0,0,0,0,33.59900629,32.9319137,33.59896163,32.93186282,212.9718585,215.5986692
633.3103986,633.3103986,68,69.54914986,0,0,1,0,0,0,0,38.97143767,38.75003304,38.97142259,38.75001721,201.2346721,83.48445383
633.3103986,633.3103986,69.54914986,71.17098896,0,0,1,0,0,0,0,38.75003304,38.51710387,38.75001721,38.51708722,188.7863888,87.02746393
633.3103986,633.3103986,71.17098896,72.87144688,0,0,1,0,0,0,0,38.51710387,38.27166491,38.51708722,38.27164736,178.2345303,90.96599516
633.3103986,633.3103986,72.87144688,74.65714286,0,0,1,0,0,0,0,38.27166491,38.01257111,38.27164736,38.01255258,169.5187896,95.3369813
633.3103986,633.3103986,74.65714286,76.53549117,0,0,1,0,0,0,0,38.01257111,37.73848638,38.01255258,37.73846675,162.591359,100.1848558
633.3103986,633.3103986,76.53549117,78.51482659,0,0,1,0,0,0,0,37.73848638,37.44784414,37.73846675,37.44782329,157.4183768,105.5633021
633.3103986,633.3103986,78.51482659,80.60455477,0,0,1,0,0,0,0,37.44784414,37.13879702,37.44782329,37.13877482,153.9819279,111.5375286
633.3103986,633.3103986,80.60455477,82.81533343,0,0,1,0,0,0,0,37.13879702,36.80915177,37.13877482,36.80912803,152.2828031,118.1872664
633.3103986,633.3103986,82.81533343,85.15929206,0,0,1,0,0,0,0,36.80915177,36.45628377,36.80912803,36.45625829,152.3443204,125.610782
633.3103986,633.3103986,85.15929206,87.6503002,0,0,1,0,0,0,0,36.45628377,36.07702289,36.45625829,36.0769954,154.2176675,133.9303487
633.3103986,633.3103986,87.6503002,90.30429735,0,0,1,0,0,0,0,36.07702289,35.667498,36.0769954,35.6674682,157.9894855,143.2998663
633.3103986,633.3103986,90.30429735,93.13970173,0,0,1,0,0,0,0,35.667498,35.22292024,35.6674682,35.22288771,163.7928583,153.9157482
633.3103986,633.3103986,93.13970173,96.17792128,0,0,1,0,0,0,0,35.22292024,34.73727239,35.22288771,34.73723663,171.8236707,166.032962
633.3103986,633.3103986,96.17792128,99.44399793,0,0,1,0,0,0,0,34.73727239,34.2028491,34.73723663,34.20280942,182.365809,179.9895693
633.3103986,633.3103986,99.44399793,102.9674282,0,0,1,0,0,0,0,34.2028491,33.60954824,34.20280942,33.6095037,195.8317191,196.246058
633.3103986,633.3103986,102.9674282,106.7832191,0,0,1,0,0,0,0,33.60954824,32.94372302,33.6095037,32.94367229,212.8314346,215.4522001
633.3103986,633.3103986,106.7832191,110.9332642,0,0,1,0,0,0,0,32.94372302,32.18620054,32.94367229,32.18614165,234.2988993,238.5695658
745.2633258,745.2633258,68,69.54914986,0,0,1,0,0,0,0,38.9763641,38.75511671,38.97634903,38.75510089,201.2228194,83.4745797
745.2633258,745.2633258,69.54914986,71.17098896,0,0,1,0,0,0,0,38.75511671,38.52235892,38.75510089,38.52234229,188.7735514,87.01584438
745.2633258,745.2633258,71.17098896,72.87144688,0,0,1,0,0,0,0,38.52235892,38.27710752,38.52234229,38.27708999,178.2204536,90.95239217
745.2633258,745.2633258,72.87144688,74.65714286,0,0,1,0,0,0,0,38.27710752,38.01821988,38.27708999,38.01820137,169.5031674,95.32110408
745.2633258,745.2633258,74.65714286,76.53549117,0,0,1,0,0,0,0,38.01821988,37.74436289,38.01820137,37.74434329,162.5738183,100.166346
745.2633258,745.2633258,76.53549117,78.51482659,0,0,1,0,0,0,0,37.74436289,37.45397368,37.74434329,37.45395286,157.3984576,105.541714
745.2633258,745.2633258,78.51482659,80.60455477,0,0,1,0,0,0,0,37.45397368,37.14520952,37.45395286,37.14518734,153.9590542,111.5123011
745.2633258,745.2633258,80.60455477,82.81533343,0,0,1,0,0,0,0,37.14520952,36.81588305,37.14518734,36.81585935,152.2562435,118.1576842
745.2633258,745.2633258,82.81533343,85.15929206,0,0,1,0,0,0,0,36.81588305,36.46337727,36.81585935,36.46335182,152.31313,125.5759197
745.2633258,745.2633258,85.15929206,87.6503002,0,0,1,0,0,0,0,36.46337727,36.08453203,36.46335182,36.08450459,154.180603,133.8889881
745.2633258,745.2633258,87.6503002,90.30429735,0,0,1,0,0,0,0,36.08453203,35.67548959,36.08450459,35.67545984,157.9448766,143.250371
745.2633258,745.2633258,90.30429735,93.13970173,0,0,1,0,0,0,0,35.67548959,35.23147942,35.67545984,35.23144696,163.7384064,153.8558684
745.2633258,745.2633258,93.13970173,96.17792128,0,0,1,0,0,0,0,35.23147942,34.74651014,35.23144696,34.74647445,171.7561234,165.9595176
745.2633258,745.2633258,96.17792128,99.44399793,0,0,1,0,0,0,0,34.74651014,34.21291397,34.74647445,34.21287438,182.2804101,179.8979128
745.2633258,745.2633258,99.44399793,102.9674282,0,0,1,0,0,0,0,34.21291397,33.62064567,34.21287438,33.62060125,195.7212292,196.1291181
745.2633258,745.2633258,102.9674282,106.7832191,0,0,1,0,0,0,0,33.62064567,32.95614898,33.62060125,32.95609841,212.6842752,215.2986613
745.2633258,745.2633258,106.7832191,110.9332642,0,0,1,0,0,0,0,32.95614898,32.20040448,32.95609841,32.2003458,234.0953395,238.3601182
863.7012854,863.7012854,68,69.54914986,0,0,1,0,0,0,0,38.98157006,38.76048858,38.981555,38.76047278,201.2103194,83.46417315
863.7012854,863.7012854,69.54914986,71.17098896,0,0,1,0,0,0,0,38.76048858,38.52791164,38.76047278,38.52789502,188.7600152,87.00359714
863.7012854,863.7012854,71.17098896,72.87144688,0,0,1,0,0,0,0,38.52791164,38.28285811,38.52789502,38.2828406,178.205613,90.93805362
863.7012854,863.7012854,72.87144688,74.65714286,0,0,1,0,0,0,0,38.28285811,38.02418794,38.2828406,38.02416945,169.4866999,95.30436811
863.7012854,863.7012854,74.65714286,76.53549117,0,0,1,0,0,0,0,38.02418794,37.75057116,38.02416945,37.75055158,162.5553314,100.1468356
863.7012854,863.7012854,76.53549117,78.51482659,0,0,1,0,0,0,0,37.75057116,37.46044878,37.75055158,37.46042799,157.377467,105.51896
863.7012854,863.7012854,78.51482659,80.60455477,0,0,1,0,0,0,0,37.46044878,37.15198296,37.46042799,37.15196082,153.9349544,111.4857135
863.7012854,863.7012854,80.60455477,82.81533343,0,0,1,0,0,0,0,37.15198296,36.82299254,37.15196082,36.82296887,152.2282653,118.1265111
863.7012854,863.7012854,82.81533343,85.15929206,0,0,1,0,0,0,0,36.82299254,36.4708685,36.82296887,36.47084309,152.2802804,125.5391886
863.7012854,863.7012854,85.15929206,87.6503002,0,0,1,0,0,0,0,36.4708685,36.09246119,36.47084309,36.0924338,154.1415761,133.8454194
863.7012854,863.7012854,87.6503002,90.30429735,0,0,1,0,0,0,0,36.09246119,35.68392691,36.0924338,35.68389721,157.8979188,143.1982471
863.7012854,863.7012854,90.30429735,93.13970173,0,0,1,0,0,0,0,35.68392691,35.24051433,35.68389721,35.24048194,163.6811066,153.7928297
863.7012854,863.7012854,93.13970173,96.17792128,0,0,1,0,0,0,0,35.24051433,34.75625916,35.24048194,34.75622355,171.6850726,165.8822313
863.7012854,863.7012854,96.17792128,99.44399793,0,0,1,0,0,0,0,34.75625916,34.22353293,34.75622355,34.22349344,182.190628,179.801514
863.7012854,863.7012854,99.44399793,102.9674282,0,0,1,0,0,0,0,34.22353293,33.63234988,34.22349344,33.63230558,195.6051455,196.0062137
863.7012854,863.7012854,102.9674282,106.7832191,0,0,1,0,0,0,0,33.63234988,32.96924818,33.63230558,32.96919777,212.5298023,215.1374418
863.7012854,863.7012854,106.7832191,110.9332642,0,0,1,0,0,0,0,32.96924818,32.21536819,32.96919777,32.21530974,233.8819236,238.1404758
863.7012854,863.7012854,110.9332642,115.4681569,0,0,1,0,0,0,0,32.21536819,31.34286847,32.21530974,31.34279888,261.1395491,266.5026857
989.2740905,989.2740905,68,69.54914986,0,0,1,0,0,0,0,38.98708308,38.76617704,38.98706804,38.76616126,201.1971103,83.45318391
989.2740905,989.2740905,69.54914986,71.17098896,0,0,1,0,0,0,0,38.76617704,38.5337913,38.76616126,38.53377471,188.7457136,86.99066282
989.2740905,989.2740905,71.17098896,72.87144688,0,0,1,0,0,0,0,38.5337913,38.28894696,38.53377471,38.28892948,178.1899358,90.92290985
989.2740905,989.2740905,72.87144688,74.65714286,0,0,1,0,0,0,0,38.28894696,38.03050666,38.28892948,38.0304882,169.4693069,95.28669204
989.2740905,989.2740905,74.65714286,76.53549117,0,0,1,0,0,0,0,38.03050666,37.75714374,38.0304882,37.75712419,162.5358087,100.1262296
989.2740905,989.2740905,76.53549117,78.51482659,0,0,1,0,0,0,0,37.75714374,37.46730332,37.75712419,37.46728256,157.3553042,105.4949297
989.2740905,989.2740905,78.51482659,80.60455477,0,0,1,0,0,0,0,37.46730332,37.1591527,37.46728256,37.15913058,153.9095132,111.4576372
989.2740905,989.2740905,80.60455477,82.81533343,0,0,1,0,0,0,0,37.1591527,36.83051722,37.15913058,36.83049359,152.1987355,118.0935969
989.2740905,989.2740905,82.81533343,85.15929206,0,0,1,0,0,0,0,36.83051722,36.47879629,36.83049359,36.47877093,152.2456165,125.5004126
989.2740905,989.2740905,85.15929206,87.6503002,0,0,1,0,0,0,0,36.47879629,36.10085129,36.47877093,36.10082395,154.1004039,133.7994353
989.2740905,989.2740905,87.6503002,90.30429735,0,0,1,0,0,0,0,36.10085129,35.69285327,36.10082395,35.69282363,157.8483944,143.143249
989.2740905,989.2740905,90.30429735,93.13970173,0,0,1,0,0,0,0,35.69285327,35.25007111,35.69282363,35.25003878,163.6206959,153.7263382
989.2740905,989.2740905,93.13970173,96.17792128,0,0,1,0,0,0,0,35.25007111,34.76656887,35.25003878,34.76653335,171.6101967,165.800748
989.2740905,989.2740905,96.17792128,99.44399793,0,0,1,0,0,0,0,34.76656887,34.23475935,34.76653335,34.23471996,182.0960638,179.6999378
989.2740905,989.2740905,99.44399793,102.9674282,0,0,1,0,0,0,0,34.23475935,33.644719,34.23471996,33.64467484,195.4829641,195.8768037
989.2740905,989.2740905,102.9674282,106.7832191,0,0,1,0,0,0,0,33.644719,32.9830847,33.64467484,32.98303446,212.3673655,214.9678545
989.2740905,989.2740905,106.7832191,110.9332642,0,0,1,0,0,0,0,32.9830847,32.23116333,32.98303446,32.23110511,233.6577915,237.909744
989.2740905,989.2740905,110.9332642,115.4681569,0,0,1,0,0,0,0,32.23116333,31.3614189,32.23110511,31.36134966,260.8142104,266.1720816
1122.724774,1122.724774,68,69.54914986,0,0,1,0,0,0,0,38.9929346,38.77221449,38.99291958,38.77219873,201.183122,83.44155488
1122.724774,1122.724774,69.54914986,71.17098896,0,0,1,0,0,0,0,38.77221449,38.54003135,38.77219873,38.54001477,188.7305709,86.97697397
1122.724774,1122.724774,71.17098896,72.87144688,0,0,1,0,0,0,0,38.54003135,38.29540863,38.54001477,38.29539116,178.1733395,90.90688172
1122.724774,1122.724774,72.87144688,74.65714286,0,0,1,0,0,0,0,38.29540863,38.03721183,38.29539116,38.03719339,169.4508974,95.26798344
1122.724774,1122.724774,74.65714286,76.53549117,0,0,1,0,0,0,0,38.03721183,37.76411779,38.03719339,37.76409826,162.5151487,100.1044205
1122.724774,1122.724774,76.53549117,78.51482659,0,0,1,0,0,0,0,37.76411779,37.47457595,37.76409826,37.47455522,157.3318543,105.4694979
1122.724774,1122.724774,78.51482659,80.60455477,0,0,1,0,0,0,0,37.47457595,37.16675902,37.47455522,37.16673695,153.8825995,111.4279263
1122.724774,1122.724774,80.60455477,82.81533343,0,0,1,0,0,0,0,37.16675902,36.83849926,37.16673695,36.83847566,152.167503,118.0587711
1122.724774,1122.724774,82.81533343,85.15929206,0,0,1,0,0,0,0,36.83849926,36.48720491,36.83847566,36.48717959,152.2089622,125.459392
1122.724774,1122.724774,85.15929206,87.6503002,0,0,1,0,0,0,0,36.48720491,36.10974899,36.48717959,36.1097217,154.0568791,133.7508006
1122.724774,1122.724774,87.6503002,90.30429735,0,0,1,0,0,0,0,36.10974899,35.70231807,36.1097217,35.7022885,157.7960561,143.0850978
1122.724774,1122.724774,90.30429735,93.13970173,0,0,1,0,0,0,0,35.70231807,35.2602023,35.7022885,35.26017004,163.5568766,153.6560606
1122.724774,1122.724774,93.13970173,96.17792128,0,0,1,0,0,0,0,35.2602023,34.77749557,35.26017004,34.77746014,171.5311319,165.7146652
1122.724774,1122.724774,96.17792128,99.44399793,0,0,1,0,0,0,0,34.77749557,34.24665395,34.77746014,34.24661467,181.996266,179.5926918
1122.724774,1122.724774,99.44399793,102.9674282,0,0,1,0,0,0,0,34.24665395,33.65781918,34.24661467,33.65777515,195.3541153,195.740276
1122.724774,1122.724774,102.9674282,106.7832191,0,0,1,0,0,0,0,33.65781918,32.99773138,33.65777515,32.99768132,212.196231,214.7891232
1122.724774,1122.724774,106.7832191,110.9332642,0,0,1,0,0,0,0,32.99773138,32.2478713,32.99768132,32.24781333,233.4219742,237.666914
1122.724774,1122.724774,110.9332642,115.4681569,0,0,1,0,0,0,0,32.2478713,31.38102071,32.24781333,31.38095182,260.4725743,265.8248493
1122.724774,1122.724774,115.4681569,120.4496183,0,0,1,0,0,0,0,31.38102071,30.35415358,31.38095182,30.35406858,295.856993,301.7516424
1264.90726,1264.90726,68,69.54914986,0,0,1,0,0,0,0,38.99916067,38.77863805,38.99914567,38.77862231,201.168274,83.42922092
1264.90726,1264.90726,69.54914986,71.17098896,0,0,1,0,0,0,0,38.77863805,38.54667009,38.77862231,38.54665354,188.7145007,86.96245363
1264.90726,1264.90726,71.17098896,72.87144688,0,0,1,0,0,0,0,38.54667009,38.30228272,38.54665354,38.30226529,178.1557299,90.88987892
1264.90726,1264.90726,72.87144688,74.65714286,0,0,1,0,0,0,0,38.30228272,38.04434447,38.30226529,38.04432606,169.4313676,95.24813682
1264.90726,1264.90726,74.65714286,76.53549117,0,0,1,0,0,0,0,38.04434447,37.77153587,38.04432606,37.77151638,162.4932352,100.0812853
1264.90726,1264.90726,76.53549117,78.51482659,0,0,1,0,0,0,0,37.77153587,37.48231095,37.77151638,37.48229025,157.3069864,105.4425214
1264.90726,1264.90726,78.51482659,80.60455477,0,0,1,0,0,0,0,37.48231095,37.17484814,37.48229025,37.17482611,153.8540641,111.396414
1264.90726,1264.90726,80.60455477,82.81533343,0,0,1,0,0,0,0,37.17484814,36.84698698,37.17482611,36.84696342,152.1343956,118.0218391
1264.90726,1264.90726,82.81533343,85.15929206,0,0,1,0,0,0,0,36.84698698,36.49614507,36.84696342,36.4961198,152.170117,125.4158989
1264.90726,1264.90726,85.15929206,87.6503002,0,0,1,0,0,0,0,36.49614507,36.11920771,36.4961198,36.11918047,154.0107653,133.6992471
1264.90726,1264.90726,87.6503002,90.30429735,0,0,1,0,0,0,0,36.11920771,35.71237787,36.11918047,35.71234835,157.7406226,143.0234756
1264.90726,1264.90726,90.30429735,93.13970173,0,0,1,0,0,0,0,35.71237787,35.27096806,35.71234835,35.27093589,163.4893095,153.5816174
1264.90726,1264.90726,93.13970173,96.17792128,0,0,1,0,0,0,0,35.27096806,34.78910365,35.27093589,34.78906831,171.4474641,165.6235248
1264.90726,1264.90726,96.17792128,99.44399793,0,0,1,0,0,0,0,34.78910365,34.25928621,34.78906831,34.25924704,181.8907219,179.4792161
1264.90726,1264.90726,99.44399793,102.9674282,0,0,1,0,0,0,0,34.25928621,33.67172601,34.25924704,33.67168213,195.2179525,195.5959349
1264.90726,1264.90726,102.9674282,106.7832191,0,0,1,0,0,0,0,33.67172601,33.01327144,33.67168213,33.01322158,212.015567,214.6003674
1264.90726,1264.90726,106.7832191,110.9332642,0,0,1,0,0,0,0,33.01327144,32.26558502,33.01322158,32.26552731,233.1733751,237.4108439
1264.90726,1264.90726,110.9332642,115.4681569,0,0,1,0,0,0,0,32.26558502,31.40177948,32.26552731,31.40171098,260.1131531,265.4594634
1264.90726,1264.90726,115.4681569,120.4496183,0,0,1,0,0,0,0,31.40177948,30.37950417,31.40171098,30.37941977,295.2988723,301.1906223
1416.80827,1416.80827,68,69.54914986,0,0,1,0,0,0,0,39.00580286,38.78549056,39.00578788,38.78547484,201.1524742,83.41610735
1416.80827,1416.80827,69.54914986,71.17098896,0,0,1,0,0,0,0,38.78549056,38.55375172,38.78547484,38.55373519,188.6974038,86.94701352
1416.80827,1416.80827,71.17098896,72.87144688,0,0,1,0,0,0,0,38.55375172,38.30961492,38.55373519,38.3095975,178.136999,90.87179785
1416.80827,1416.80827,72.87144688,74.65714286,0,0,1,0,0,0,0,38.30961492,38.05195188,38.3095975,38.0519335,169.4105981,95.22703114
1416.80827,1416.80827,74.65714286,76.53549117,0,0,1,0,0,0,0,38.05195188,37.77944707,38.0519335,37.77942761,162.4699354,100.056683
1416.80827,1416.80827,76.53549117,78.51482659,0,0,1,0,0,0,0,37.77944707,37.49055936,37.77942761,37.4905387,157.2805505,105.4138361
1416.80827,1416.80827,78.51482659,80.60455477,0,0,1,0,0,0,0,37.49055936,37.18347328,37.4905387,37.18345128,153.8237357,111.3629091
1416.80827,1416.80827,80.60455477,82.81533343,0,0,1,0,0,0,0,37.18347328,36.85603603,37.18345128,36.85601253,152.099216,117.9825778
1416.80827,1416.80827,82.81533343,85.15929206,0,0,1,0,0,0,0,36.85603603,36.50567518,36.85601253,36.50564996,152.1288509,125.369672
1416.80827,1416.80827,85.15929206,87.6503002,0,0,1,0,0,0,0,36.50567518,36.12928898,36.50564996,36.1292618,153.9617921,133.6444673
1416.80827,1416.80827,87.6503002,90.30429735,0,0,1,0,0,0,0,36.12928898,35.72309774,36.1292618,35.7230683,157.6817721,142.9580185
1416.80827,1416.80827,90.30429735,93.13970173,0,0,1,0,0,0,0,35.72309774,35.28243764,35.7230683,35.28240555,163.417607,153.5025738
1416.80827,1416.80827,93.13970173,96.17792128,0,0,1,0,0,0,0,35.28243764,34.8014672,35.28240555,34.80143196,171.3587205,165.5268025
1416.80827,1416.80827,96.17792128,99.44399793,0,0,1,0,0,0,0,34.8014672,34.27273598,34.80143196,34.27269694,181.7788457,179.3588704
1416.80827,1416.80827,99.44399793,102.9674282,0,0,1,0,0,0,0,34.27273598,33.68652638,34.27269694,33.68648265,195.0737383,195.4429866
1416.80827,1416.80827,102.9674282,106.7832191,0,0,1,0,0,0,0,33.68652638,33.02980045,33.68648265,33.02975079,211.8244261,214.4005832
1416.80827,1416.80827,106.7832191,110.9332642,0,0,1,0,0,0,0,33.02980045,32.28441104,33.02975079,32.28435361,232.9107482,237.1402345
1416.80827,1416.80827,110.9332642,115.4681569,0,0,1,0,0,0,0,32.28441104,31.4238162,32.28435361,31.4237481,259.7342603,265.0741937
1416.80827,1416.80827,115.4681569,120.4496183,0,0,1,0,0,0,0,31.4238162,30.40636582,31.4237481,30.40628206,294.7124652,300.6011024
1579.574688,1579.574688,68,69.54914986,0,0,1,0,0,0,0,39.01290937,38.79282166,39.01289441,38.79280597,201.1356162,83.40212807
1579.574688,1579.574688,69.54914986,71.17098896,0,0,1,0,0,0,0,38.79282166,38.56132745,38.79280597,38.56131095,188.6791658,86.93055185
1579.574688,1579.574688,71.17098896,72.87144688,0,0,1,0,0,0,0,38.56132745,38.31745815,38.56131095,38.31744076,178.117022,90.85251904
1579.574688,1579.574688,72.87144688,74.65714286,0,0,1,0,0,0,0,38.31745815,38.06008887,38.31744076,38.06007051,169.3884515,95.20452684
1579.574688,1579.574688,74.65714286,76.53549117,0,0,1,0,0,0,0,38.06008887,37.78790825,38.06007051,37.78788882,162.4450958,100.0304509
1579.574688,1579.574688,76.53549117,78.51482659,0,0,1,0,0,0,0,37.78790825,37.49938033,37.78788882,37.49935971,157.2523735,105.3832526
1579.574688,1579.574688,78.51482659,80.60455477,0,0,1,0,0,0,0,37.49938033,37.19269608,37.49935971,37.19267412,153.7914171,111.3271913
1579.574688,1579.574688,80.60455477,82.81533343,0,0,1,0,0,0,0,37.19269608,36.8657109,37.19267412,36.86568745,152.0617369,117.94073
1579.574688,1579.574688,82.81533343,85.15929206,0,0,1,0,0,0,0,36.8657109,36.51586288,36.86568745,36.51583772,152.0848994,125.3204102
1579.574688,1579.574688,85.15929206,87.6503002,0,0,1,0,0,0,0,36.51586288,36.14006404,36.51583772,36.14003692,153.909648,133.5861071
1579.574688,1579.574688,87.6503002,90.30429735,0,0,1,0,0,0,0,36.14006404,35.73455305,36.14003692,35.73452368,157.619134,142.8883072
1579.574688,1579.574688,90.30429735,93.13970173,0,0,1,0,0,0,0,35.73455305,35.29469115,35.73452368,35.29465914,163.3413234,153.4184298
1579.574688,1579.574688,93.13970173,96.17792128,0,0,1,0,0,0,0,35.29469115,34.81467193,35.29465914,34.81463679,171.2643576,165.4238956
1579.574688,1579.574688,96.17792128,99.44399793,0,0,1,0,0,0,0,34.81467193,34.28709563,34.81463679,34.28705672,181.6599653,179.2309193
1579.574688,1579.574688,99.44399793,102.9674282,0,0,1,0,0,0,0,34.28709563,33.70232068,34.28705672,33.70227712,194.9206273,195.28052
1579.574688,1579.574688,102.9674282,106.7832191,0,0,1,0,0,0,0,33.70232068,33.04742873,33.70227712,33.04737929,211.6217242,214.1886208
1579.574688,1579.574688,106.7832191,110.9332642,0,0,1,0,0,0,0,33.04742873,32.30447229,33.04737929,32.30441515,232.63267,236.8536008
1579.574688,1579.574688,110.9332642,115.4681569,0,0,1,0,0,0,0,32.30447229,31.44727018,32.30441515,31.4472025,259.3339755,264.6670683
1579.574688,1579.574688,115.4681569,120.4496183,0,0,1,0,0,0,0,31.44727018,30.43489993,31.4472025,30.43481684,294.0950995,299.9803798
1579.574688,1579.574688,120.4496183,125.9537946,0,0,1,0,0,0,0,30.43489993,29.19631802,30.43481684,29.19620996,341.5222844,347.3305216
1754.548087,1754.548087,68,69.54914986,0,0,1,0,0,0,0,39.02053645,38.80068929,39.02052151,38.80067362,201.1175763,83.3871833
1754.548087,1754.548087,69.54914986,71.17098896,0,0,1,0,0,0,0,38.80068929,38.56945706,38.80067362,38.56944059,188.6596535,86.9129506
1754.548087,1754.548087,71.17098896,72.87144688,0,0,1,0,0,0,0,38.56945706,38.32587417,38.56944059,38.32585681,178.0956542,90.8319039
1754.548087,1754.548087,72.87144688,74.65714286,0,0,1,0,0,0,0,38.32587417,38.06881936,38.32585681,38.06880104,169.3647682,95.18046199
1754.548087,1754.548087,74.65714286,76.53549117,0,0,1,0,0,0,0,38.06881936,37.79698573,38.06880104,37.79696634,162.4185385,100.0024005
1754.548087,1754.548087,76.53549117,78.51482659,0,0,1,0,0,0,0,37.79698573,37.50884281,37.79696634,37.50882222,157.2222549,105.3505515
1754.548087,1754.548087,78.51482659,80.60455477,0,0,1,0,0,0,0,37.50884281,37.20258844,37.50882222,37.20256653,153.7568797,111.2890047
1754.548087,1754.548087,80.60455477,82.81533343,0,0,1,0,0,0,0,37.20258844,36.87608675,37.20256653,36.87606334,152.021695,117.8959975
1754.548087,1754.548087,82.81533343,85.15929206,0,0,1,0,0,0,0,36.87608675,36.526787,36.87606334,36.52676189,152.037956,125.2677645
1754.548087,1754.548087,85.15929206,87.6503002,0,0,1,0,0,0,0,36.526787,36.15161587,36.52676189,36.15158882,153.8539729,133.5237561
1754.548087,1754.548087,87.6503002,90.30429735,0,0,1,0,0,0,0,36.15161587,35.74683155,36.15158882,35.74680226,157.5522802,142.8138563
1754.548087,1754.548087,90.30429735,93.13970173,0,0,1,0,0,0,0,35.74683155,35.30782185,35.74680226,35.30778994,163.2599433,153.3286063
1754.548087,1754.548087,93.13970173,96.17792128,0,0,1,0,0,0,0,35.30782185,34.82881756,35.30778994,34.82878253,171.1637477,165.3141069
1754.548087,1754.548087,96.17792128,99.44399793,0,0,1,0,0,0,0,34.82881756,34.30247254,34.82878253,34.30243377,181.5333052,179.0945131
1754.548087,1754.548087,99.44399793,102.9674282,0,0,1,0,0,0,0,34.30247254,33.71922559,34.30243377,33.7191822,194.7576454,195.1074841
1754.548087,1754.548087,102.9674282,106.7832191,0,0,1,0,0,0,0,33.71922559,33.06628441,33.7191822,33.06623519,211.4062139,213.9631558
1754.548087,1754.548087,106.7832191,110.9332642,0,0,1,0,0,0,0,33.06628441,32.32591135,33.06623519,32.32585452,232.3375067,236.5492363
1754.548087,1754.548087,110.9332642,115.4681569,0,0,1,0,0,0,0,32.32591135,31.4723028,32.32585452,31.47223557,258.9101007,264.2358282
1754.548087,1754.548087,115.4681569,120.4496183,0,0,1,0,0,0,0,31.4723028,30.46529307,31.47223557,30.46521068,293.4437294,299.3253716
1754.548087,1754.548087,120.4496183,125.9537946,0,0,1,0,0,0,0,30.46529307,29.23562085,30.46521068,29.23551406,340.4099303,346.2219844
1943.308678,1943.308678,68,69.54914986,0,0,1,0,0,0,0,39.02875015,38.80916148,39.02873524,38.80914584,201.0982099,83.3711566
1943.308678,1943.308678,69.54914986,71.17098896,0,0,1,0,0,0,0,38.80916148,38.57821073,38.80914584,38.57819428,188.6387118,86.89407201
1943.308678,1943.308678,71.17098896,72.87144688,0,0,1,0,0,0,0,38.57821073,38.33493549,38.57819428,38.33491817,178.0727265,90.8097907
1943.308678,1943.308678,72.87144688,74.65714286,0,0,1,0,0,0,0,38.33493549,38.07821843,38.33491817,38.07820015,169.3393621,95.15464759
1943.308678,1943.308678,74.65714286,76.53549117,0,0,1,0,0,0,0,38.07821843,37.80675738,38.07820015,37.80673802,162.3900559,99.97231147
1943.308678,1943.308678,76.53549117,78.51482659,0,0,1,0,0,0,0,37.80675738,37.51902774,37.80673802,37.5190072,157.1899606,105.3154763
1943.308678,1943.308678,78.51482659,80.60455477,0,0,1,0,0,0,0,37.51902774,37.21323472,37.5190072,37.21321286,153.7198568,111.2480511
1943.308678,1943.308678,80.60455477,82.81533343,0,0,1,0,0,0,0,37.21323472,36.88725174,37.21321286,36.88722838,151.9787834,117.8480322
1943.308678,1943.308678,82.81533343,85.15929206,0,0,1,0,0,0,0,36.88725174,36.53854,36.88722838,36.53851496,151.9876638,125.2113277
1943.308678,1943.308678,85.15929206,87.6503002,0,0,1,0,0,0,0,36.53854,36.16404181,36.53851496,36.16401483,153.7943469,133.4569357
1943.308678,1943.308678,87.6503002,90.30429735,0,0,1,0,0,0,0,36.16404181,35.76003612,36.16401483,35.76000692,157.4807119,142.7340998
1943.308678,1943.308678,90.30429735,93.13970173,0,0,1,0,0,0,0,35.76003612,35.32193906,35.76000692,35.32190725,163.1728676,153.2324292
1943.308678,1943.308678,93.13970173,96.17792128,0,0,1,0,0,0,0,35.32193906,34.84402091,35.32190725,34.84398601,171.0561617,165.1966255
1943.308678,1943.308678,96.17792128,99.44399793,0,0,1,0,0,0,0,34.84402091,34.31899247,34.84398601,34.31895385,181.3979652,178.9486644
1943.308678,1943.308678,99.44399793,102.9674282,0,0,1,0,0,0,0,34.31899247,33.73737762,34.31895385,33.73733442,194.5836632,194.9226587
1943.308678,1943.308678,102.9674282,106.7832191,0,0,1,0,0,0,0,33.73737762,33.08651726,33.73733442,33.08646829,211.1764516,213.7226539
1943.308678,1943.308678,106.7832191,110.9332642,0,0,1,0,0,0,0,33.08651726,32.34889471,33.08646829,32.3488382,232.0233718,236.2251686
1943.308678,1943.308678,110.9332642,115.4681569,0,0,1,0,0,0,0,32.34889471,31.49910219,32.3488382,31.49903543,258.4601059,263.7778713
1943.308678,1943.308678,115.4681569,120.4496183,0,0,1,0,0,0,0,31.49910219,30.49776222,31.49903543,30.49768057,292.7548653,298.6325429
1943.308678,1943.308678,120.4496183,125.9537946,0,0,1,0,0,0,0,30.49776222,29.27745034,30.49768057,29.27734488,339.2412291,345.0572689
1943.308678,1943.308678,125.9537946,132.0758175,0,0,1,0,0,0,0,29.27745034,27.70170451,29.27734488,27.70155379,408.0406037,413.0102576
2147.731901,2147.731901,68,69.54914986,0,0,1,0,0,0,0,39.03762868,38.81831876,39.03761379,38.81830314,201.0773471,83.35391123
2147.731901,2147.731901,69.54914986,71.17098896,0,0,1,0,0,0,0,38.81831876,38.58767149,38.81830314,38.58765508,188.6161579,86.87375426
2147.731901,2147.731901,71.17098896,72.87144688,0,0,1,0,0,0,0,38.58767149,38.34472792,38.58765508,38.34471063,178.0480401,90.78598933
2147.731901,2147.731901,72.87144688,74.65714286,0,0,1,0,0,0,0,38.34472792,38.08837487,38.34471063,38.08835662,169.3120141,95.12686147
2147.731901,2147.731901,74.65714286,76.53549117,0,0,1,0,0,0,0,38.08837487,37.81731528,38.08835662,37.81729596,162.3594042,99.93992495
2147.731901,2147.731901,76.53549117,78.51482659,0,0,1,0,0,0,0,37.81731528,37.53003085,37.81729596,37.53001036,157.1552159,105.2777259
2147.731901,2147.731901,78.51482659,80.60455477,0,0,1,0,0,0,0,37.53003085,37.22473467,37.53001036,37.22471286,153.6800355,111.2039798
2147.731901,2147.731901,80.60455477,82.81533343,0,0,1,0,0,0,0,37.22473467,36.8993101,37.22471286,36.89928681,151.9326419,117.7964253
2147.731901,2147.731901,82.81533343,85.15929206,0,0,1,0,0,0,0,36.8993101,36.55123116,36.89928681,36.55120619,151.9336038,125.1506215
2147.731901,2147.731901,85.15929206,87.6503002,0,0,1,0,0,0,0,36.55123116,36.17745683,36.55120619,36.17742993,153.7302782,133.3850842
2147.731901,2147.731901,87.6503002,90.30429735,0,0,1,0,0,0,0,36.17745683,35.77428827,36.17742993,35.77425916,157.4038449,142.648374
2147.731901,2147.731901,90.30429735,93.13970173,0,0,1,0,0,0,0,35.77428827,35.3371718,35.77425916,35.3371401,163.0793946,153.1291081
2147.731901,2147.731901,93.13970173,96.17792128,0,0,1,0,0,0,0,35.3371718,34.86041982,35.3371401,34.86038505,170.9407462,165.0705011
2147.731901,2147.731901,96.17792128,99.44399793,0,0,1,0,0,0,0,34.86041982,34.33680369,34.86038505,34.33676522,181.2528934,178.7922176
2147.731901,2147.731901,99.44399793,102.9674282,0,0,1,0,0,0,0,34.33680369,33.75693763,34.33676522,33.75689463,194.3973634,194.7246185
2147.731901,2147.731901,102.9674282,106.7832191,0,0,1,0,0,0,0,33.75693763,33.10830359,33.75689463,33.10825487,210.9307563,213.4653258
2147.731901,2147.731901,106.7832191,110.9332642,0,0,1,0,0,0,0,33.10830359,32.3736181,33.10825487,32.37356195,231.6880738,235.8791039
2147.731901,2147.731901,110.9332642,115.4681569,0,0,1,0,0,0,0,32.3736181,31.52788915,32.37356195,31.52782289,257.981062,263.2901813
2147.731901,2147.731901,115.4681569,120.4496183,0,0,1,0,0,0,0,31.52788915,30.53256147,31.52782289,30.53248061,292.0244855,297.8978168
2147.731901,2147.731901,120.4496183,125.9537946,0,0,1,0,0,0,0,30.53256147,29.32210568,30.53248061,29.32200161,338.0105499,343.8307454
2147.731901,2147.731901,125.9537946,132.0758175,0,0,1,0,0,0,0,29.32210568,27.76569346,29.32200161,27.7655459,405.5674532,410.5607027
2370.062103,2370.062103,68,69.54914986,0,0,1,0,0,0,0,39.0472653,38.82825717,39.04725044,38.82824158,201.0547861,83.3352854
2370.062103,2370.062103,69.54914986,71.17098896,0,0,1,0,0,0,0,38.82825717,38.5979384,38.82824158,38.59792202,188.5917752,86.85180576
2370.062103,2370.062103,71.17098896,72.87144688,0,0,1,0,0,0,0,38.5979384,38.35535375,38.59792202,38.3553365,178.0213595,90.76027471
2370.062103,2370.062103,72.87144688,74.65714286,0,0,1,0,0,0,0,38.35535375,38.09939454,38.3553365,38.09937633,169.2824649,95.09684055
2370.062103,2370.062103,74.65714286,76.53549117,0,0,1,0,0,0,0,38.09939454,37.8287692,38.09937633,37.82874993,162.3262944,99.90493439
2370.062103,2370.062103,76.53549117,78.51482659,0,0,1,0,0,0,0,37.8287692,37.54196622,37.82874993,37.54194577,157.1176954,105.2369435
2370.062103,2370.062103,78.51482659,80.60455477,0,0,1,0,0,0,0,37.54196622,37.23720713,37.54194577,37.23718537,153.6370455,111.1563755
2370.062103,2370.062103,80.60455477,82.81533343,0,0,1,0,0,0,0,37.23720713,36.91238601,37.23718537,36.91236278,151.8828445,117.7406928
2370.062103,2370.062103,82.81533343,85.15929206,0,0,1,0,0,0,0,36.91238601,36.56499061,36.91236278,36.56496571,151.8752813,125.0850802
2370.062103,2370.062103,85.15929206,87.6503002,0,0,1,0,0,0,0,36.56499061,36.19199782,36.56496571,36.191971,153.6611856,133.3075371
2370.062103,2370.062103,87.6503002,90.30429735,0,0,1,0,0,0,0,36.19199782,35.7897326,36.191971,35.78970358,157.3209898,142.5558942
2370.062103,2370.062103,90.30429735,93.13970173,0,0,1,0,0,0,0,35.7897326,35.35367358,35.78970358,35.35364199,162.978697,153.0177093
2370.062103,2370.062103,93.13970173,96.17792128,0,0,1,0,0,0,0,35.35367358,34.87817818,35.35364199,34.87814355,170.8164964,164.9346126
2370.062103,2370.062103,96.17792128,99.44399793,0,0,1,0,0,0,0,34.87817818,34.35608238,34.87814355,34.35604409,181.0968523,178.6238112
2370.062103,2370.062103,99.44399793,102.9674282,0,0,1,0,0,0,0,34.35608238,33.7780966,34.35604409,33.77805381,194.1971979,194.5116867
2370.062103,2370.062103,102.9674282,106.7832191,0,0,1,0,0,0,0,33.7780966,33.13185254,33.77805381,33.1318041,210.667157,213.1890706
2370.062103,2370.062103,106.7832191,110.9332642,0,0,1,0,0,0,0,33.13185254,32.40031341,33.1318041,32.40025763,231.3290496,235.5083558
2370.062103,2370.062103,110.9332642,115.4681569,0,0,1,0,0,0,0,32.40031341,31.55892481,32.40025763,31.55885908,257.4695554,262.7692395
2370.062103,2370.062103,115.4681569,120.4496183,0,0,1,0,0,0,0,31.55892481,30.56999057,31.55885908,30.56991053,291.2479267,297.1164609
2370.062103,2370.062103,120.4496183,125.9537946,0,0,1,0,0,0,0,30.56999057,29.36993853,30.56991053,29.36983591,336.711408,342.5359265
2370.062103,2370.062103,125.9537946,132.0758175,0,0,1,0,0,0,0,29.36993853,27.8336358,29.36983591,27.83349148,402.9940896,408.0119798
2613.009735,2613.009735,68,69.54914986,0,0,1,0,0,0,0,39.05777229,38.8390923,39.05775746,38.83907674,201.0302856,83.31508612
2613.009735,2613.009735,69.54914986,71.17098896,0,0,1,0,0,0,0,38.8390923,38.60913063,38.83907674,38.60911428,188.5653048,86.82799789
2613.009735,2613.009735,71.17098896,72.87144688,0,0,1,0,0,0,0,38.60913063,38.36693607,38.60911428,38.36691886,177.9924031,90.73237815
2613.009735,2613.009735,72.87144688,74.65714286,0,0,1,0,0,0,0,38.36693607,38.1114048,38.36691886,38.11138664,169.2504049,95.06427072
2613.009735,2613.009735,74.65714286,76.53549117,0,0,1,0,0,0,0,38.1114048,37.84125118,38.11138664,37.84123196,162.2903819,99.86697375
2613.009735,2613.009735,76.53549117,78.51482659,0,0,1,0,0,0,0,37.84125118,37.55497101,37.84123196,37.55495062,157.077011,105.1927032
2613.009735,2613.009735,78.51482659,80.60455477,0,0,1,0,0,0,0,37.55497101,37.25079498,37.55495062,37.25077328,153.5904452,111.1047426
2613.009735,2613.009735,80.60455477,82.81533343,0,0,1,0,0,0,0,37.25079498,36.9266287,37.25077328,36.92660553,151.8288836,117.6802569
2613.009735,2613.009735,82.81533343,85.15929206,0,0,1,0,0,0,0,36.9266287,36.57997472,36.92660553,36.57994989,151.8121066,125.0140287
2613.009735,2613.009735,85.15929206,87.6503002,0,0,1,0,0,0,0,36.57997472,36.2078292,36.57994989,36.20780248,153.5863775,133.2235023
2613.009735,2613.009735,87.6503002,90.30429735,0,0,1,0,0,0,0,36.2078292,35.80654272,36.20780248,35.80651381,157.2313265,142.4557254
2613.009735,2613.009735,90.30429735,93.13970173,0,0,1,0,0,0,0,35.80654272,35.37162861,35.80651381,35.37159715,162.8697915,152.8971214
2613.009735,2613.009735,93.13970173,96.17792128,0,0,1,0,0,0,0,35.37162861,34.89749257,35.37159715,34.89745808,170.6822189,164.7876268
2613.009735,2613.009735,96.17792128,99.44399793,0,0,1,0,0,0,0,34.89749257,34.37703974,34.89745808,34.37700162,180.9283743,178.4418277
2613.009735,2613.009735,99.44399793,102.9674282,0,0,1,0,0,0,0,34.37703974,33.80108327,34.37700162,33.80104071,193.9813343,194.2818744
2613.009735,2613.009735,102.9674282,106.7832191,0,0,1,0,0,0,0,33.80108327,33.15741429,33.80104071,33.15736615,210.383325,212.8914027
2613.009735,2613.009735,106.7832191,110.9332642,0,0,1,0,0,0,0,33.15741429,32.42925765,33.15736615,32.42920227,230.9432798,235.109755
2613.009735,2613.009735,110.9332642,115.4681569,0,0,1,0,0,0,0,32.42925765,31.59252054,32.42920227,31.59245539,256.9215796,262.2109103
2613.009735,2613.009735,115.4681569,120.4496183,0,0,1,0,0,0,0,31.59252054,30.61040599,31.59245539,30.61032683,290.4197437,296.282944
2613.009735,2613.009735,120.4496183,125.9537946,0,0,1,0,0,0,0,30.61040599,29.42136561,30.61032683,29.42126453,335.336287,341.1652865
2613.009735,2613.009735,125.9537946,132.0758175,0,0,1,0,0,0,0,29.42136561,27.90602611,29.42126453,27.90588512,400.3104539,405.3541464
2879.881374,2879.881374,68,69.54914986,0,0,1,0,0,0,0,39.06928609,38.8509646,39.0692713,38.85094908,201.0035545,83.29308111
2879.881374,2879.881374,69.54914986,71.17098896,0,0,1,0,0,0,0,38.8509646,38.62139299,38.85094908,38.62137668,188.5364343,86.80205535
2879.881374,2879.881374,71.17098896,72.87144688,0,0,1,0,0,0,0,38.62139299,38.37962442,38.62137668,38.37960725,177.9608318,90.70197598
2879.881374,2879.881374,72.87144688,74.65714286,0,0,1,0,0,0,0,38.37962442,38.12456034,38.37960725,38.12454222,169.2154609,95.0287735
2879.881374,2879.881374,74.65714286,76.53549117,0,0,1,0,0,0,0,38.12456034,37.85492154,38.12454222,37.85490238,162.2512515,99.82560198
2879.881374,2879.881374,76.53549117,78.51482659,0,0,1,0,0,0,0,37.85492154,37.56921179,37.85490238,37.56919146,157.0326957,105.1444918
2879.881374,2879.881374,78.51482659,80.60455477,0,0,1,0,0,0,0,37.56921179,37.26567165,37.56919146,37.26565003,153.5397034,111.0484842
2879.881374,2879.881374,80.60455477,82.81533343,0,0,1,0,0,0,0,37.26567165,36.94221926,37.26565003,36.94219617,151.7701489,117.6144223
2879.881374,2879.881374,82.81533343,85.15929206,0,0,1,0,0,0,0,36.94221926,36.59637316,36.94219617,36.59634842,151.7433712,124.9366545
2879.881374,2879.881374,85.15929206,87.6503002,0,0,1,0,0,0,0,36.59637316,36.22515037,36.59634842,36.22512374,153.505023,133.1320267
2879.881374,2879.881374,87.6503002,90.30429735,0,0,1,0,0,0,0,36.22515037,35.82492909,36.22512374,35.82490029,157.1338705,142.3467434
2879.881374,2879.881374,90.30429735,93.13970173,0,0,1,0,0,0,0,35.82492909,35.39126008,35.82490029,35.39122875,162.751499,152.7660091
2879.881374,2879.881374,93.13970173,96.17792128,0,0,1,0,0,0,0,35.39126008,34.91860099,35.39122875,34.91856667,170.5364847,164.6279436
2879.881374,2879.881374,96.17792128,99.44399793,0,0,1,0,0,0,0,34.91860099,34.39993127,34.91856667,34.39989336,180.7457043,178.2443294
2879.881374,2879.881374,99.44399793,102.9674282,0,0,1,0,0,0,0,34.39993127,33.82617412,34.39989336,33.82613181,193.7475849,194.0328032
2879.881374,2879.881374,102.9674282,106.7832191,0,0,1,0,0,0,0,33.82617412,33.18529095,33.82613181,33.18524313,210.0764867,212.5693559
2879.881374,2879.881374,106.7832191,110.9332642,0,0,1,0,0,0,0,33.18529095,32.46078483,33.18524313,32.46072988,230.5271783,234.6795314
2879.881374,2879.881374,110.9332642,115.4681569,0,0,1,0,0,0,0,32.46078483,31.62905102,32.46072988,31.62898648,256.3323951,261.6102947
2879.881374,2879.881374,115.4681569,120.4496183,0,0,1,0,0,0,0,31.62905102,30.65423554,31.62898648,30.65415731,289.5335302,295.3907504
2879.881374,2879.881374,120.4496183,125.9537946,0,0,1,0,0,0,0,30.65423554,29.4768851,30.65415731,29.47678563,333.8764102,339.7100299
2879.881374,2879.881374,125.9537946,132.0758175,0,0,1,0,0,0,0,29.4768851,27.98345266,29.47678563,27.9833151,397.5049043,402.5756905
2879.881374,2879.881374,132.0758175,138.9362327,0,0,1,0,0,0,0,27.98345266,25.88993684,27.9833151,25.8897068,504.8049782,508.0338792
3174.756402,3174.756402,68,69.54914986,0,0,1,0,0,0,0,39.08197438,38.86404664,39.08195962,38.86403116,200.9742378,83.26898805
3174.756402,3174.756402,69.54914986,71.17098896,0,0,1,0,0,0,0,38.86404664,38.63490336,38.86403116,38.6348871,188.504783,86.77364329
3174.756402,3174.756402,71.17098896,72.87144688,0,0,1,0,0,0,0,38.63490336,38.39360244,38.6348871,38.39358532,177.9262322,90.66867439
3174.756402,3174.756402,72.87144688,74.65714286,0,0,1,0,0,0,0,38.39360244,38.13905109,38.39358532,38.13903303,169.1771787,94.98988834
3174.756402,3174.756402,74.65714286,76.53549117,0,0,1,0,0,0,0,38.13905109,37.86997714,38.13903303,37.86995803,162.2083981,99.7802823
3174.756402,3174.756402,76.53549117,78.51482659,0,0,1,0,0,0,0,37.86997714,37.58489298,37.86995803,37.58487271,156.9841814,105.0916848
3174.756402,3174.756402,78.51482659,80.60455477,0,0,1,0,0,0,0,37.58489298,37.28204997,37.58487271,37.28202841,153.4841745,110.9868736
3174.756402,3174.756402,80.60455477,82.81533343,0,0,1,0,0,0,0,37.28204997,36.95937983,37.28202841,36.95935683,151.7058988,117.5423427
3174.756402,3174.756402,82.81533343,85.15929206,0,0,1,0,0,0,0,36.95937983,36.61441854,36.95935683,36.61439389,151.6682151,124.8519694
3174.756402,3174.756402,85.15929206,87.6503002,0,0,1,0,0,0,0,36.61441854,36.24420572,36.61439389,36.2441792,153.4161145,133.0319519
3174.756402,3174.756402,87.6503002,90.30429735,0,0,1,0,0,0,0,36.24420572,35.84514954,36.2441792,35.84512086,157.0274292,142.2275834
3174.756402,3174.756402,90.30429735,93.13970173,0,0,1,0,0,0,0,35.84514954,35.41284127,35.84512086,35.41281008,162.6223923,152.6227528
3174.756402,3174.756402,93.13970173,96.17792128,0,0,1,0,0,0,0,35.41284127,34.94179471,35.41281008,34.94176056,170.377566,164.4536248
3174.756402,3174.756402,96.17792128,99.44399793,0,0,1,0,0,0,0,34.94179471,34.42506941,34.94176056,34.42503171,180.5467235,178.0289718
3174.756402,3174.756402,99.44399793,102.9674282,0,0,1,0,0,0,0,34.42506941,33.85370692,34.42503171,33.85366488,193.4933137,193.7616014
3174.756402,3174.756402,102.9674282,106.7832191,0,0,1,0,0,0,0,33.85370692,33.2158511,33.85366488,33.21580363,209.743308,212.2193578
3174.756402,3174.756402,106.7832191,110.9332642,0,0,1,0,0,0,0,33.2158511,32.49530179,33.21580363,32.49524732,230.0764479,234.2131591
3174.756402,3174.756402,110.9332642,115.4681569,0,0,1,0,0,0,0,32.49530179,31.66897171,32.49524732,31.66890782,255.6963465,260.9615372
3174.756402,3174.756402,115.4681569,120.4496183,0,0,1,0,0,0,0,31.66897171,30.70199775,31.66890782,30.70192052,288.5816864,294.4321397
3174.756402,3174.756402,120.4496183,125.9537946,0,0,1,0,0,0,0,30.70199775,29.53709838,30.70192052,29.53700062,332.3214482,338.159794
3174.756402,3174.756402,125.9537946,132.0758175,0,0,1,0,0,0,0,29.53709838,28.06662199,29.53700062,28.06648798,394.5638625,399.6631772
3174.756402,3174.756402,132.0758175,138.9362327,0,0,1,0,0,0,0,28.06662199,26.03068433,28.06648798,26.03046586,497.2660779,500.5984068
3502.731294,3502.731294,68,69.54914986,0,0,1,0,0,0,0,39.09604569,38.87855303,39.09603097,38.8785376,200.9418976,83.24246
3502.731294,3502.731294,69.54914986,71.17098896,0,0,1,0,0,0,0,38.87855303,38.64988291,38.8785376,38.64986669,188.469882,86.74234996
3502.731294,3502.731294,71.17098896,72.87144688,0,0,1,0,0,0,0,38.64988291,38.40909844,38.64986669,38.40908137,177.8880953,90.63198889
3502.731294,3502.731294,72.87144688,74.65714286,0,0,1,0,0,0,0,38.40909844,38.15511314,38.40908137,38.15509513,169.1349993,94.94704846
3502.731294,3502.731294,74.65714286,76.53549117,0,0,1,0,0,0,0,38.15511314,37.88666253,38.15509513,37.88664349,162.1612002,99.73035411
3502.731294,3502.731294,76.53549117,78.51482659,0,0,1,0,0,0,0,37.88666253,37.6022685,37.88664349,37.60224831,156.9307697,105.0335136
3502.731294,3502.731294,78.51482659,80.60455477,0,0,1,0,0,0,0,37.6022685,37.30019419,37.60224831,37.30017271,153.4230651,110.919017
3502.731294,3502.731294,80.60455477,82.81533343,0,0,1,0,0,0,0,37.30019419,36.9783862,37.30017271,36.97836328,151.6352232,117.4629773
3502.731294,3502.731294,82.81533343,85.15929206,0,0,1,0,0,0,0,36.9783862,36.6343995,36.97836328,36.63437495,151.5855832,124.7587589
3502.731294,3502.731294,85.15929206,87.6503002,0,0,1,0,0,0,0,36.6343995,36.26529841,36.63437495,36.26527201,153.3184168,132.921855
3502.731294,3502.731294,87.6503002,90.30429735,0,0,1,0,0,0,0,36.26529841,35.86752373,36.26527201,35.86749519,156.9105416,142.0965694
3502.731294,3502.731294,90.30429735,93.13970173,0,0,1,0,0,0,0,35.86752373,35.4367108,35.86749519,35.43667978,162.4807251,152.4653661
3502.731294,3502.731294,93.13970173,96.17792128,0,0,1,0,0,0,0,35.4367108,34.96743435,35.43667978,34.9674004,170.2033514,164.262296
3502.731294,3502.731294,96.17792128,99.44399793,0,0,1,0,0,0,0,34.96743435,34.45284068,34.9674004,34.45280322,180.3288471,177.7928881
3502.731294,3502.731294,99.44399793,102.9674282,0,0,1,0,0,0,0,34.45284068,33.88409909,34.45280322,33.88405735,193.2153113,193.4647645
3502.731294,3502.731294,102.9674282,106.7832191,0,0,1,0,0,0,0,33.88409909,33.24954966,33.88405735,33.24950257,209.3797402,211.8370606
3502.731294,3502.731294,106.7832191,110.9332642,0,0,1,0,0,0,0,33.24954966,32.53330987,33.24950257,32.5332559,229.5858883,233.7051493
3502.731294,3502.731294,110.9332642,115.4681569,0,0,1,0,0,0,0,32.53330987,31.71284253,32.5332559,31.71277936,255.0066204,260.2575698
3502.731294,3502.731294,115.4681569,120.4496183,0,0,1,0,0,0,0,31.71284253,30.75432815,31.71277936,30.754252,287.5551125,293.3978283
3502.731294,3502.731294,120.4496183,125.9537946,0,0,1,0,0,0,0,30.75432815,29.60273945,30.754252,29.6026435,330.6591343,336.5022567
3502.731294,3502.731294,125.9537946,132.0758175,0,0,1,0,0,0,0,29.60273945,28.15639188,29.6026435,28.15626155,391.4713533,396.6007881
3502.731294,3502.731294,132.0758175,138.9362327,0,0,1,0,0,0,0,28.15639188,26.17846273,28.15626155,26.17825547,489.663029,493.0974126
3870.264056,3870.264056,68,69.54914986,0,0,1,0,0,0,0,39.11176296,38.89475432,39.11174829,38.89473893,200.905987,83.21306536
3870.264056,3870.264056,69.54914986,71.17098896,0,0,1,0,0,0,0,38.89475432,38.6666104,38.89473893,38.66659424,188.4311457,86.70766273
3870.264056,3870.264056,71.17098896,72.87144688,0,0,1,0,0,0,0,38.6666104,38.4264001,38.66659424,38.42638309,177.8457863,90.59131595
3870.264056,3870.264056,72.87144688,74.65714286,0,0,1,0,0,0,0,38.4264001,38.1730439,38.42638309,38.17302596,169.0882256,94.89954762
3870.264056,3870.264056,74.65714286,76.53549117,0,0,1,0,0,0,0,38.1730439,37.9052858,38.17302596,37.90526683,162.1088839,99.67499414
3870.264056,3870.264056,76.53549117,78.51482659,0,0,1,0,0,0,0,37.9052858,37.62165812,37.90526683,37.62163801,156.8715915,104.9690205
3870.264056,3870.264056,78.51482659,80.60455477,0,0,1,0,0,0,0,37.62165812,37.32043699,37.62163801,37.32041561,153.3553886,110.8438007
3870.264056,3870.264056,80.60455477,82.81533343,0,0,1,0,0,0,0,37.32043699,36.99958537,37.32041561,36.99956256,151.5569903,117.3750299
3870.264056,3870.264056,82.81533343,85.15929206,0,0,1,0,0,0,0,36.99958537,36.6566791,36.99956256,36.65665467,151.4941647,124.6555106
3870.264056,3870.264056,85.15929206,87.6503002,0,0,1,0,0,0,0,36.6566791,36.28880957,36.65665467,36.28878331,153.2103967,132.7999655
3870.264056,3870.264056,87.6503002,90.30429735,0,0,1,0,0,0,0,36.28880957,35.89245334,36.28878331,35.89242495,156.7813964,141.9516186
3870.264056,3870.264056,90.30429735,93.13970173,0,0,1,0,0,0,0,35.89245334,35.46329388,35.89242495,35.46326304,162.3243351,152.2913825
3870.264056,3870.264056,93.13970173,96.17792128,0,0,1,0,0,0,0,35.46329388,34.99597243,35.46326304,34.99593869,170.0112304,164.0510136
3870.264056,3870.264056,96.17792128,99.44399793,0,0,1,0,0,0,0,34.99597243,34.48372962,34.99593869,34.48369242,180.0888848,177.5325303
3870.264056,3870.264056,99.44399793,102.9674282,0,0,1,0,0,0,0,34.48372962,33.9178733,34.48369242,33.91783188,192.9096252,193.1379651
3870.264056,3870.264056,102.9674282,106.7832191,0,0,1,0,0,0,0,33.9178733,33.28695546,33.91783188,33.28690879,208.9808109,211.4171114
3870.264056,3870.264056,106.7832191,110.9332642,0,0,1,0,0,0,0,33.28695546,32.57543475,33.28690879,32.57538133,229.0491355,233.1487693
3870.264056,3870.264056,110.9332642,115.4681569,0,0,1,0,0,0,0,32.57543475,31.76136069,32.57538133,31.76129829,254.2549193,259.4897667
3870.264056,3870.264056,115.4681569,120.4496183,0,0,1,0,0,0,0,31.76136069,30.8120155,31.76129829,30.81194051,286.4427984,292.2765625
3870.264056,3870.264056,120.4496183,125.9537946,0,0,1,0,0,0,0,30.8120155,29.67471528,30.81194051,29.67462125,328.8747557,334.7226158
3870.264056,3870.264056,125.9537946,132.0758175,0,0,1,0,0,0,0,29.67471528,28.25381644,29.67462125,28.25368992,388.2083983,393.3697118
3870.264056,3870.264056,132.0758175,138.9362327,0,0,1,0,0,0,0,28.25381644,26.33454554,28.25368992,26.33434923,481.9667456,485.5029308
3870.264056,3870.264056,138.9362327,146.6902676,0,0,1,0,0,0,0,26.33454554,23.10420056,26.33434923,23.103704,694.2395199,694.1628282
4285.670666,4285.670666,68,69.54914986,0,0,1,0,0,0,0,39.12946294,38.9129969,39.12944832,38.91298157,200.865813,83.18025972
4285.670666,4285.670666,69.54914986,71.17098896,0,0,1,0,0,0,0,38.9129969,38.6854427,38.91298157,38.6854266,188.3878327,86.66893434
4285.670666,4285.670666,71.17098896,72.87144688,0,0,1,0,0,0,0,38.6854427,38.44587564,38.6854266,38.44585869,177.798502,90.54589314
4285.670666,4285.670666,72.87144688,74.65714286,0,0,1,0,0,0,0,38.44587564,38.19322392,38.44585869,38.19320605,169.0359769,94.84649332
4285.670666,4285.670666,74.65714286,76.53549117,0,0,1,0,0,0,0,38.19322392,37.92624098,38.19320605,37.92622209,162.0504715,99.6131618
4285.670666,4285.670666,76.53549117,78.51482659,0,0,1,0,0,0,0,37.92624098,37.6434707,37.92622209,37.64345068,156.8055492,104.8969949
4285.670666,4285.670666,78.51482659,80.60455477,0,0,1,0,0,0,0,37.6434707,37.34320361,37.64345068,37.34318232,153.2799002,110.7598173
4285.670666,4285.670666,80.60455477,82.81533343,0,0,1,0,0,0,0,37.34320361,37.02342074,37.34318232,37.02339804,151.4697738,117.2768631
4285.670666,4285.670666,82.81533343,85.15929206,0,0,1,0,0,0,0,37.02342074,36.68172102,37.02339804,36.68169672,151.3923092,124.5403154
4285.670666,4285.670666,85.15929206,87.6503002,0,0,1,0,0,0,0,36.68172102,36.31522572,36.68169672,36.3151996,153.0901254,132.66405
4285.670666,4285.670666,87.6503002,90.30429735,0,0,1,0,0,0,0,36.31522572,35.92045076,36.3151996,35.92042254,156.6377174,141.7901058
4285.670666,4285.670666,90.30429735,93.13970173,0,0,1,0,0,0,0,35.92045076,35.49313258,35.92042254,35.49310193,162.1505081,152.0976974
4285.670666,4285.670666,93.13970173,96.17792128,0,0,1,0,0,0,0,35.49313258,35.0279853,35.49310193,35.0279518,169.7979314,163.8160774
4285.670666,4285.670666,96.17792128,99.44399793,0,0,1,0,0,0,0,35.0279853,34.51835279,35.0279518,34.51831588,179.8228459,177.2434472
4285.670666,4285.670666,99.44399793,102.9674282,0,0,1,0,0,0,0,34.51835279,33.95569382,34.51831588,33.95565276,192.5713235,192.7757876
4285.670666,4285.670666,102.9674282,106.7832191,0,0,1,0,0,0,0,33.95569382,33.3287903,33.95565276,33.32874408,208.5403345,210.9528317
4285.670666,4285.670666,106.7832191,110.9332642,0,0,1,0,0,0,0,33.3287903,32.62246885,33.32874408,32.62241603,228.4583043,232.535654
4285.670666,4285.670666,110.9332642,115.4681569,0,0,1,0,0,0,0,32.62246885,31.81540686,32.62241603,31.8153453,253.4310154,258.6474676
4285.670666,4285.670666,115.4681569,120.4496183,0,0,1,0,0,0,0,31.81540686,30.87605274,31.8153453,30.875979,285.2312662,291.054535
4285.670666,4285.670666,120.4496183,125.9537946,0,0,1,0,0,0,0,30.87605274,29.75416234,30.875979,29.75407036,326.9504656,332.8028824
4285.670666,4285.670666,125.9537946,132.0758175,0,0,1,0,0,0,0,29.75416234,28.36020899,29.75407036,28.36008645,384.7522014,389.947323
4285.670666,4285.670666,132.0758175,138.9362327,0,0,1,0,0,0,0,28.36020899,26.5004926,28.36008645,26.50030698,474.1445018,477.783414
4285.670666,4285.670666,138.9362327,146.6902676,0,0,1,0,0,0,0,26.5004926,23.52480588,26.50030698,23.5243929,660.0779545,660.6435747
4759.858791,4759.858791,68,69.54914986,0,0,1,0,0,0,0,39.14958459,38.93373224,39.14957002,38.93371697,200.8204828,83.14334551
4759.858791,4759.858791,69.54914986,71.17098896,0,0,1,0,0,0,0,38.93373224,38.70684477,38.93371697,38.70682874,188.338989,86.62533462
4759.858791,4759.858791,71.17098896,72.87144688,0,0,1,0,0,0,0,38.70684477,38.46800466,38.70682874,38.46798778,177.7452096,90.4947418
4759.858791,4759.858791,72.87144688,74.65714286,0,0,1,0,0,0,0,38.46800466,38.21614877,38.46798778,38.21613098,168.9771211,94.78673941
4759.858791,4759.858791,74.65714286,76.53549117,0,0,1,0,0,0,0,38.21614877,37.95004105,38.21613098,37.95002225,161.9847077,99.54352052
4759.858791,4759.858791,76.53549117,78.51482659,0,0,1,0,0,0,0,37.95004105,37.66823834,37.95002225,37.66821841,156.7312354,104.815882
4759.858791,4759.858791,78.51482659,80.60455477,0,0,1,0,0,0,0,37.66823834,37.3690472,37.66821841,37.36902602,153.1950047,110.6652594
4759.858791,4759.858791,80.60455477,82.81533343,0,0,1,0,0,0,0,37.3690472,37.05046884,37.36902602,37.05044627,151.3717475,117.1663747
4759.858791,4759.858791,82.81533343,85.15929206,0,0,1,0,0,0,0,37.05046884,36.71012787,37.05044627,36.71010371,151.277905,124.410724
4759.858791,4759.858791,85.15929206,87.6503002,0,0,1,0,0,0,0,36.71012787,36.34517876,36.71010371,36.3451528,152.9551382,132.511245
4759.858791,4759.858791,87.6503002,90.30429735,0,0,1,0,0,0,0,36.34517876,35.95218109,36.3451528,35.95215306,156.4765991,141.6086688
4759.858791,4759.858791,90.30429735,93.13970173,0,0,1,0,0,0,0,35.95218109,35.52692991,35.95215306,35.52689949,161.955785,151.88034
4759.858791,4759.858791,93.13970173,96.17792128,0,0,1,0,0,0,0,35.52692991,35.06421983,35.52689949,35.06418659,169.5592923,163.5527632
4759.858791,4759.858791,96.17792128,99.44399793,0,0,1,0,0,0,0,35.06421983,34.5575082,35.06418659,34.55747161,179.5256642,176.9199678
4759.858791,4759.858791,99.44399793,102.9674282,0,0,1,0,0,0,0,34.5575082,33.99841927,34.55747161,33.99837861,192.194161,192.3713504
4759.858791,4759.858791,102.9674282,106.7832191,0,0,1,0,0,0,0,33.99841927,33.3759856,33.99837861,33.37593989,208.0505043,210.4357644
4759.858791,4759.858791,106.7832191,110.9332642,0,0,1,0,0,0,0,33.3759856,32.67543253,33.37593989,32.67538039,227.8034849,231.8552568
4759.858791,4759.858791,110.9332642,115.4681569,0,0,1,0,0,0,0,32.67543253,31.87611195,32.67538039,31.87605132,252.5221261,257.7173103
4759.858791,4759.858791,115.4681569,120.4496183,0,0,1,0,0,0,0,31.87611195,30.94771024,31.87605132,30.94763786,283.9037966,289.7145717
4759.858791,4759.858791,120.4496183,125.9537946,0,0,1,0,0,0,0,30.94771024,29.84252757,30.94763786,29.8424378,324.8643357,330.7209028
4759.858791,4759.858791,125.9537946,132.0758175,0,0,1,0,0,0,0,29.84252757,28.47723185,29.8424378,28.47711346,381.0750347,386.3060543
4759.858791,4759.858791,132.0758175,138.9362327,0,0,1,0,0,0,0,28.47723185,26.67824976,28.47711346,26.67807466,466.1586141,469.9024364
4759.858791,4759.858791,138.9362327,146.6902676,0,0,1,0,0,0,0,26.67824976,23.92227279,26.67807466,23.92192113,630.5427255,631.5680911
5307.443877,5307.443877,68,69.54914986,0,0,1,0,0,0,0,39.17271196,38.95756088,39.17269746,38.95754568,200.7688244,83.10141282
5307.443877,5307.443877,69.54914986,71.17098896,0,0,1,0,0,0,0,38.95756088,38.73143497,38.95754568,38.73141901,188.2833635,86.57577917
5307.443877,5307.443877,71.17098896,72.87144688,0,0,1,0,0,0,0,38.73143497,38.49342482,38.73141901,38.49340803,177.6845563,90.43658247
5307.443877,5307.443877,72.87144688,74.65714286,0,0,1,0,0,0,0,38.49342482,38.24247707,38.49340803,38.24245937,168.9101771,94.7187867
5307.443877,5307.443877,74.65714286,76.53549117,0,0,1,0,0,0,0,38.24247707,37.97736755,38.24245937,37.97734885,161.9099516,99.46432159
5307.443877,5307.443877,76.53549117,78.51482659,0,0,1,0,0,0,0,37.97736755,37.69666767,37.97734885,37.69664786,156.6468115,104.7236472
5307.443877,5307.443877,78.51482659,80.60455477,0,0,1,0,0,0,0,37.69666767,37.39870206,37.69664786,37.39868101,153.0986202,110.5577629
5307.443877,5307.443877,80.60455477,82.81533343,0,0,1,0,0,0,0,37.39870206,37.08149461,37.39868101,37.08147218,151.26053,117.0408161
5307.443877,5307.443877,82.81533343,85.15929206,0,0,1,0,0,0,0,37.08149461,36.74269873,37.08147218,36.74267473,151.148202,124.2635353
5307.443877,5307.443877,85.15929206,87.6503002,0,0,1,0,0,0,0,36.74269873,36.37950608,36.74267473,36.37948031,152.8022283,132.3378123
5307.443877,5307.443877,87.6503002,90.30429735,0,0,1,0,0,0,0,36.37950608,35.98852506,36.37948031,35.98849725,156.294267,141.4029229
5307.443877,5307.443877,90.30429735,93.13970173,0,0,1,0,0,0,0,35.98852506,35.56561605,35.98849725,35.56558588,161.7356791,151.634139
5307.443877,5307.443877,93.13970173,96.17792128,0,0,1,0,0,0,0,35.56561605,35.1056631,35.56558588,35.10563017,169.2899242,163.2549301
5307.443877,5307.443877,96.17792128,99.44399793,0,0,1,0,0,0,0,35.1056631,34.60224934,35.10563017,34.60221311,179.1907958,176.5547371
5307.443877,5307.443877,99.44399793,102.9674282,0,0,1,0,0,0,0,34.60224934,34.04718144,34.60221311,34.04714122,191.7700945,191.915755
5307.443877,5307.443877,102.9674282,106.7832191,0,0,1,0,0,0,0,34.04718144,33.42976688,34.04714122,33.42972174,207.5013021,209.855014
5307.443877,5307.443877,106.7832191,110.9332642,0,0,1,0,0,0,0,33.42976688,32.7356652,33.42972174,32.73561381,227.0720194,231.0940552
5307.443877,5307.443877,110.9332642,115.4681569,0,0,1,0,0,0,0,32.7356652,31.94495603,32.73561381,31.94489642,251.5120226,256.6822691
5307.443877,5307.443877,115.4681569,120.4496183,0,0,1,0,0,0,0,31.94495603,31.02864408,31.94489642,31.02857319,282.4393293,288.234969
5307.443877,5307.443877,120.4496183,125.9537946,0,0,1,0,0,0,0,31.02864408,29.94168759,31.02857319,29.94160019,322.5890221,328.4489743
5307.443877,5307.443877,125.9537946,132.0758175,0,0,1,0,0,0,0,29.94168759,28.60702772,29.94160019,28.6069137,377.1426799,382.4118088
5307.443877,5307.443877,132.0758175,138.9362327,0,0,1,0,0,0,0,28.60702772,26.870294,28.6069137,26.87012928,457.9646425,461.8169103
5307.443877,5307.443877,138.9362327,146.6902676,0,0,1,0,0,0,0,26.870294,24.30980803,26.87012928,24.30950418,604.2065521,605.5870547
5948.504699,5948.504699,68,69.54914986,0,0,1,0,0,0,0,39.19964104,38.98530104,39.19962661,38.98528592,200.7092655,83.05324977
5948.504699,5948.504699,69.54914986,71.17098896,0,0,1,0,0,0,0,38.98530104,38.76005551,38.98528592,38.76003964,188.2192796,86.5188215
5948.504699,5948.504699,71.17098896,72.87144688,0,0,1,0,0,0,0,38.76005551,38.52300432,38.76003964,38.52298763,177.614731,90.36970671
5948.504699,5948.504699,72.87144688,74.65714286,0,0,1,0,0,0,0,38.52300432,38.27310527,38.52298763,38.27308768,168.8331643,94.64063194
5948.504699,5948.504699,74.65714286,76.53549117,0,0,1,0,0,0,0,38.27310527,38.00914772,38.27308768,38.00912914,161.8240111,99.37322749
5948.504699,5948.504699,76.53549117,78.51482659,0,0,1,0,0,0,0,38.00914772,37.72971967,38.00912914,37.72969999,156.5498241,104.6175711
5948.504699,5948.504699,78.51482659,80.60455477,0,0,1,0,0,0,0,37.72971967,37.43316629,37.72969999,37.43314538,152.9879716,110.4341675
5948.504699,5948.504699,80.60455477,82.81533343,0,0,1,0,0,0,0,37.43316629,37.11753719,37.43314538,37.11751492,151.1329507,116.896515
5948.504699,5948.504699,82.81533343,85.15929206,0,0,1,0,0,0,0,37.11753719,36.78051843,37.11751492,36.78049462,150.9995427,124.0944758
5948.504699,5948.504699,85.15929206,87.6503002,0,0,1,0,0,0,0,36.78051843,36.4193437,36.78049462,36.41931814,152.6271369,132.1387652
5948.504699,5948.504699,87.6503002,90.30429735,0,0,1,0,0,0,0,36.4193437,36.03067646,36.41931814,36.0306489,156.0857155,141.167027
5948.504699,5948.504699,90.30429735,93.13970173,0,0,1,0,0,0,0,36.03067646,35.61045057,36.0306489,35.61042069,161.4842507,151.3522169
5948.504699,5948.504699,93.13970173,96.17792128,0,0,1,0,0,0,0,35.61045057,35.15365032,35.61042069,35.15361772,168.9827087,162.9144268
5948.504699,5948.504699,96.17792128,99.44399793,0,0,1,0,0,0,0,35.15365032,34.65399922,35.15361772,34.6539634,178.8096184,176.1380174
5948.504699,5948.504699,99.44399793,102.9674282,0,0,1,0,0,0,0,34.65399922,34.10350658,34.6539634,34.10346688,191.2885597,191.3972576
5948.504699,5948.504699,102.9674282,106.7832191,0,0,1,0,0,0,0,34.10350658,33.49178344,34.10346688,33.49173894,206.8796224,209.1962601
5948.504699,5948.504699,106.7832191,110.9332642,0,0,1,0,0,0,0,33.49178344,32.80496492,33.49173894,32.80491436,226.2474326,230.2343694
5948.504699,5948.504699,110.9332642,115.4681569,0,0,1,0,0,0,0,32.80496492,32.02391952,32.80491436,32.02386105,250.3797198,255.5202343
5948.504699,5948.504699,115.4681569,120.4496183,0,0,1,0,0,0,0,32.02391952,31.12106087,32.02386105,31.12099163,280.8108629,286.5877901
5948.504699,5948.504699,120.4496183,125.9537946,0,0,1,0,0,0,0,31.12106087,30.05412925,31.12099163,30.05404444,320.0898386,325.9518299
5948.504699,5948.504699,125.9537946,132.0758175,0,0,1,0,0,0,0,30.05412925,28.75241804,30.05404444,28.75230862,372.9121897,378.2216646
5948.504699,5948.504699,132.0758175,138.9362327,0,0,1,0,0,0,0,28.75241804,27.07985112,28.75230862,27.07969673,449.5088509,453.474547
5948.504699,5948.504699,138.9362327,146.6902676,0,0,1,0,0,0,0,27.07985112,24.69750115,27.07969673,24.69723627,580.1557704,581.8329475
6711.455672,6711.455672,68,69.54914986,0,0,1,0,0,0,0,39.2314878,39.01809949,39.23147346,39.01808446,200.639641,82.99720282
6711.455672,6711.455672,69.54914986,71.17098896,0,0,1,0,0,0,0,39.01809949,38.79388642,39.01808446,38.79387065,188.1444321,86.45248412
6711.455672,6711.455672,71.17098896,72.87144688,0,0,1,0,0,0,0,38.79388642,38.55795915,38.79387065,38.55794257,177.5332474,90.2917757
6711.455672,6711.455672,72.87144688,74.65714286,0,0,1,0,0,0,0,38.55795915,38.30928838,38.55794257,38.30927091,168.7433668,94.54953044
6711.455672,6711.455672,74.65714286,76.53549117,0,0,1,0,0,0,0,38.30928838,38.04667908,38.30927091,38.04666063,161.7238842,99.26703405
6711.455672,6711.455672,76.53549117,78.51482659,0,0,1,0,0,0,0,38.04667908,37.76873836,38.04666063,37.76871882,156.4369173,104.4939252
6711.455672,6711.455672,78.51482659,80.60455477,0,0,1,0,0,0,0,37.76873836,37.47383501,37.76871882,37.47381427,152.8592673,110.2901417
6711.455672,6711.455672,80.60455477,82.81533343,0,0,1,0,0,0,0,37.47383501,37.16004816,37.47381427,37.16002608,150.984683,116.7284398
6711.455672,6711.455672,82.81533343,85.15929206,0,0,1,0,0,0,0,37.16004816,36.82510128,37.16002608,36.82507768,150.8269426,123.8976945
6711.455672,6711.455672,85.15929206,87.6503002,0,0,1,0,0,0,0,36.82510128,36.46627609,36.82507768,36.46625078,152.4240685,131.9072834
6711.455672,6711.455672,87.6503002,90.30429735,0,0,1,0,0,0,0,36.46627609,36.08029879,36.46625078,36.08027151,155.8441442,140.8930029
6711.455672,6711.455672,90.30429735,93.13970173,0,0,1,0,0,0,0,36.08029879,35.66318669,36.08027151,35.66315714,161.1934464,151.0251961
6711.455672,6711.455672,93.13970173,96.17792128,0,0,1,0,0,0,0,35.66318669,35.21003754,35.66315714,35.21000534,168.6280173,162.5201645
6711.455672,6711.455672,96.17792128,99.44399793,0,0,1,0,0,0,0,35.21003754,34.71473297,35.21000534,34.71469763,178.370503,175.6565993
6711.455672,6711.455672,99.44399793,102.9674282,0,0,1,0,0,0,0,34.71473297,34.16950931,34.71469763,34.16947019,190.7353587,190.7999841
6711.455672,6711.455672,102.9674282,106.7832191,0,0,1,0,0,0,0,34.16950931,33.56431521,34.16947019,33.56427145,206.1679293,208.4402329
6711.455672,6711.455672,106.7832191,110.9332642,0,0,1,0,0,0,0,33.56431521,32.88581025,33.56427145,32.88576065,225.3078029,229.2525445
6711.455672,6711.455672,110.9332642,115.4681569,0,0,1,0,0,0,0,32.88581025,32.11572273,32.88576065,32.11566555,249.0974944,254.2018423
6711.455672,6711.455672,115.4681569,120.4496183,0,0,1,0,0,0,0,32.11572273,31.22797783,32.11566555,31.22791043,278.9830511,284.7362824
6711.455672,6711.455672,120.4496183,125.9537946,0,0,1,0,0,0,0,31.22797783,30.18323346,31.22791043,30.18315147,317.3218853,323.1836124
6711.455672,6711.455672,125.9537946,132.0758175,0,0,1,0,0,0,0,30.18323346,28.91721296,30.18315147,28.91710843,368.3285751,373.6804482
6711.455672,6711.455672,132.0758175,138.9362327,0,0,1,0,0,0,0,28.91721296,27.31123427,28.91710843,27.31109019,440.7244872,444.8101012
6711.455672,6711.455672,138.9362327,146.6902676,0,0,1,0,0,0,0,27.31123427,25.09448178,27.31109019,25.09424975,557.7483677,559.69391
7637.972817,7637.972817,68,69.54914986,0,0,1,0,0,0,0,39.26987126,39.05761933,39.26985702,39.05760442,200.5568768,82.93095021
7637.972817,7637.972817,69.54914986,71.17098896,0,0,1,0,0,0,0,39.05761933,38.83463827,39.05760442,38.83462263,188.0555535,86.37398341
7637.972817,7637.972817,71.17098896,72.87144688,0,0,1,0,0,0,0,38.83463827,38.60005122,38.83462263,38.60003478,177.4365865,90.19949168
7637.972817,7637.972817,72.87144688,74.65714286,0,0,1,0,0,0,0,38.60005122,38.35284397,38.60003478,38.35282665,168.6369466,94.44160783
7637.972817,7637.972817,74.65714286,76.53549117,0,0,1,0,0,0,0,38.35284397,38.09183977,38.35282665,38.09182149,161.6053344,99.14121535
7637.972817,7637.972817,76.53549117,78.51482659,0,0,1,0,0,0,0,38.09183977,37.81566805,38.09182149,37.8156487,156.3033615,104.3474416
7637.972817,7637.972817,78.51482659,80.60455477,0,0,1,0,0,0,0,37.81566805,37.52272514,37.8156487,37.5227046,152.7071715,110.1195662
7637.972817,7637.972817,80.60455477,82.81533343,0,0,1,0,0,0,0,37.52272514,37.21112453,37.5227046,37.21110268,150.8096466,116.5294857
7637.972817,7637.972817,82.81533343,85.15929206,0,0,1,0,0,0,0,37.21112453,36.87863309,37.21110268,36.87860975,150.6234075,123.6649353
7637.972817,7637.972817,85.15929206,87.6503002,0,0,1,0,0,0,0,36.87863309,36.52258816,36.87860975,36.52256313,152.1849046,131.6337546
7637.972817,7637.972817,87.6503002,90.30429735,0,0,1,0,0,0,0,36.52258816,36.13978831,36.52256313,36.13976136,155.5600456,140.5696231
7637.972817,7637.972817,90.30429735,93.13970173,0,0,1,0,0,0,0,36.13978831,35.7263468,36.13976136,35.72631764,160.8520326,150.6399064
7637.972817,7637.972817,93.13970173,96.17792128,0,0,1,0,0,0,0,35.7263468,35.27749123,35.72631764,35.27745949,168.2124542,162.0566085
7637.972817,7637.972817,96.17792128,99.44399793,0,0,1,0,0,0,0,35.27749123,34.78728325,35.27745949,34.78724846,177.857323,175.0920354
7637.972817,7637.972817,99.44399793,102.9674282,0,0,1,0,0,0,0,34.78728325,34.24821598,34.78724846,34.24817753,190.0908806,190.1018535
7637.972817,7637.972817,102.9674282,106.7832191,0,0,1,0,0,0,0,34.24821598,33.650617,34.24817753,33.65057408,205.3421203,207.5602611
7637.972817,7637.972817,106.7832191,110.9332642,0,0,1,0,0,0,0,33.650617,32.98172859,33.65057408,32.98168007,224.2231855,228.1160474
7637.972817,7637.972817,110.9332642,115.4681569,0,0,1,0,0,0,0,32.98172859,32.22422202,32.98168007,32.2241663,247.6277719,252.6870321
7637.972817,7637.972817,115.4681569,120.4496183,0,0,1,0,0,0,0,32.22422202,31.3536512,32.2241663,31.35358586,276.9084585,282.6308134
7637.972817,7637.972817,120.4496183,125.9537946,0,0,1,0,0,0,0,31.3536512,30.33374017,31.35358586,30.33366129,314.2256174,320.0831507
7637.972817,7637.972817,125.9537946,132.0758175,0,0,1,0,0,0,0,30.33374017,29.10671703,30.33366129,29.10661772,363.3197221,368.7154181
7637.972817,7637.972817,132.0758175,138.9362327,0,0,1,0,0,0,0,29.10671703,27.57039319,29.10661772,27.57025949,431.5261151,435.7395778
7637.972817,7637.972817,138.9362327,146.6902676,0,0,1,0,0,0,0,27.57039319,25.51038407,27.57025949,25.51018054,536.4922605,538.6993253
8791.939856,8791.939856,68,69.54914986,0,0,1,0,0,0,0,39.31724082,39.10637554,39.31722671,39.10636076,200.456441,82.85111758
8791.939856,8791.939856,69.54914986,71.17098896,0,0,1,0,0,0,0,39.10637554,38.88489666,39.10636076,38.88488116,187.9478366,86.27926064
8791.939856,8791.939856,71.17098896,72.87144688,0,0,1,0,0,0,0,38.88489666,38.65194233,38.88488116,38.65192605,177.319581,90.08803546
8791.939856,8791.939856,72.87144688,74.65714286,0,0,1,0,0,0,0,38.65194233,38.40651637,38.65192605,38.40649922,168.5082782,94.31119379
8791.939856,8791.939856,74.65714286,76.53549117,0,0,1,0,0,0,0,38.40651637,38.14746378,38.40649922,38.14744569,161.4621627,98.98914152
8791.939856,8791.939856,76.53549117,78.51482659,0,0,1,0,0,0,0,38.14746378,37.87344053,38.14744569,37.87342139,156.1422478,104.1704005
8791.939856,8791.939856,78.51482659,80.60455477,0,0,1,0,0,0,0,37.87344053,37.5828756,37.87342139,37.58285531,152.5239015,109.9134732
8791.939856,8791.939856,80.60455477,82.81533343,0,0,1,0,0,0,0,37.5828756,37.27392313,37.58285531,37.27390155,150.5989877,116.2892448
8791.939856,8791.939856,82.81533343,85.15929206,0,0,1,0,0,0,0,37.27392313,36.94440119,37.27390155,36.94437816,150.3787711,123.3841145
8791.939856,8791.939856,85.15929206,87.6503002,0,0,1,0,0,0,0,36.94440119,36.5917125,36.94437816,36.59168783,151.8978672,131.3041268
8791.939856,8791.939856,87.6503002,90.30429735,0,0,1,0,0,0,0,36.5917125,36.21274041,36.59168783,36.21271387,155.2196569,140.180503
8791.939856,8791.939856,90.30429735,93.13970173,0,0,1,0,0,0,0,36.21274041,35.80371008,36.21271387,35.80368139,160.4437887,150.1771699
8791.939856,8791.939856,93.13970173,96.17792128,0,0,1,0,0,0,0,35.80371008,35.35999973,35.80368139,35.35996855,167.7167366,161.5012013
8791.939856,8791.939856,96.17792128,99.44399793,0,0,1,0,0,0,0,35.35999973,34.8758786,35.35996855,34.87584447,177.2469492,174.4176337
8791.939856,8791.939856,99.44399793,102.9674282,0,0,1,0,0,0,0,34.8758786,34.3441337,34.87584447,34.34409606,189.3271245,189.2710581
8791.939856,8791.939856,102.9674282,106.7832191,0,0,1,0,0,0,0,34.3441337,33.75552238,34.34409606,33.75548046,204.3679709,206.5181385
8791.939856,8791.939856,106.7832191,110.9332642,0,0,1,0,0,0,0,33.75552238,33.09794016,33.75548046,33.09789292,222.9513523,226.7786002
8791.939856,8791.939856,110.9332642,115.4681569,0,0,1,0,0,0,0,33.09794016,32.35509988,33.09789292,32.35504585,245.9180201,250.9193194
8791.939856,8791.939856,115.4681569,120.4496183,0,0,1,0,0,0,0,32.35509988,31.50431906,32.35504585,31.50425606,274.521473,280.2021692
8791.939856,8791.939856,120.4496183,125.9537946,0,0,1,0,0,0,0,31.50431906,30.51255087,31.50425606,30.51247546,310.7196989,316.5662364
8791.939856,8791.939856,125.9537946,132.0758175,0,0,1,0,0,0,0,30.51255087,29.32859704,30.51247546,29.32850335,357.7882419,363.2276194
8791.939856,8791.939856,132.0758175,138.9362327,0,0,1,0,0,0,0,29.32859704,27.8658523,29.32850335,27.86572913,421.8005653,426.1508404
8791.939856,8791.939856,138.9362327,146.6902676,0,0,1,0,0,0,0,27.8658523,25.95682602,27.86572913,25.95664782,515.9733599,518.451492
10276.89803,10276.89803,68,69.54914986,0,0,1,0,0,0,0,39.37750316,39.16837727,39.3774892,39.16836267,200.3313334,82.75258993
10276.89803,10276.89803,69.54914986,71.17098896,0,0,1,0,0,0,0,39.16837727,38.9487809,39.16836267,38.94876559,187.8138745,86.16213596
10276.89803,10276.89803,71.17098896,72.87144688,0,0,1,0,0,0,0,38.9487809,38.71787058,38.94876559,38.7178545,177.1742881,89.95004663
10276.89803,10276.89803,72.87144688,74.65714286,0,0,1,0,0,0,0,38.71787058,38.47467208,38.7178545,38.47465516,168.3487334,94.1496099
10276.89803,10276.89803,74.65714286,76.53549117,0,0,1,0,0,0,0,38.47467208,38.2180569,38.47465516,38.21803905,161.2848805,98.80065207
10276.89803,10276.89803,76.53549117,78.51482659,0,0,1,0,0,0,0,38.2180569,37.94671322,38.21803905,37.94669436,155.9430213,103.9509627
10276.89803,10276.89803,78.51482659,80.60455477,0,0,1,0,0,0,0,37.94671322,37.65910958,37.94669436,37.65908959,152.2975909,109.6581078
10276.89803,10276.89803,80.60455477,82.81533343,0,0,1,0,0,0,0,37.65910958,37.35344921,37.65908959,37.35342797,150.339233,115.991759
10276.89803,10276.89803,82.81533343,85.15929206,0,0,1,0,0,0,0,37.35344921,37.02761177,37.35342797,37.02758911,150.0775937,123.0367196
10276.89803,10276.89803,85.15929206,87.6503002,0,0,1,0,0,0,0,37.02761177,36.67907834,37.02758911,36.6790541,151.5451099,130.8969011
10276.89803,10276.89803,87.6503002,90.30429735,0,0,1,0,0,0,0,36.67907834,36.30483345,36.6790541,36.30480741,154.8021768,139.7006217
10276.89803,10276.89803,90.30429735,93.13970173,0,0,1,0,0,0,0,36.30483345,35.90123505,36.30480741,35.90120693,159.9442716,149.6077731
10276.89803,10276.89803,93.13970173,96.17792128,0,0,1,0,0,0,0,35.90123505,35.46383907,35.90120693,35.46380855,167.1119077,160.8196904
10276.89803,10276.89803,96.17792128,99.44399793,0,0,1,0,0,0,0,35.46383907,34.98715783,35.46380855,34.9871245,176.5047948,173.593025
10276.89803,10276.89803,99.44399793,102.9674282,0,0,1,0,0,0,0,34.98715783,34.46431952,34.9871245,34.46428284,188.4024316,188.2597318
10276.89803,10276.89803,102.9674282,106.7832191,0,0,1,0,0,0,0,34.46431952,33.88657503,34.46428284,33.8865343,203.1948814,205.2567292
10276.89803,10276.89803,106.7832191,110.9332642,0,0,1,0,0,0,0,33.88657503,33.24256008,33.8865343,33.24251435,221.4303507,225.1715345
10276.89803,10276.89803,110.9332642,115.4681569,0,0,1,0,0,0,0,33.24256008,32.5171476,33.24251435,32.51709555,243.8919017,248.8157017
10276.89803,10276.89803,115.4681569,120.4496183,0,0,1,0,0,0,0,32.5171476,31.68957541,32.51709555,31.68951511,271.7278532,277.349843
10276.89803,10276.89803,120.4496183,125.9537946,0,0,1,0,0,0,0,31.68957541,30.73020488,31.68951511,30.73013338,306.6888405,312.5122389
10276.89803,10276.89803,125.9537946,132.0758175,0,0,1,0,0,0,0,30.73020488,29.59447004,30.73013338,29.59438249,351.5976778,357.0769731
10276.89803,10276.89803,132.0758175,138.9362327,0,0,1,0,0,0,0,29.59447004,28.21041819,29.59438249,28.21030583,411.3916605,415.8874319
10276.89803,10276.89803,138.9362327,146.6902676,0,0,1,0,0,0,0,28.21041819,26.44951394,28.21030583,26.44935877,495.80295,498.5744884
12273.35407,12273.35407,68,69.54914986,0,0,1,0,0,0,0,39.45733233,39.25046921,39.45731858,39.25045483,200.1700736,82.62719565
12273.35407,12273.35407,69.54914986,71.17098896,0,0,1,0,0,0,0,39.25046921,39.03331885,39.25045483,39.03330378,187.6415592,86.01267289
12273.35407,12273.35407,71.17098896,72.87144688,0,0,1,0,0,0,0,39.03331885,38.80506089,39.03330378,38.80504507,176.9877628,89.77363758
12273.35407,12273.35407,72.87144688,74.65714286,0,0,1,0,0,0,0,38.80506089,38.56474867,38.80504507,38.56473204,168.1442887,93.94279666
12273.35407,12273.35407,74.65714286,76.53549117,0,0,1,0,0,0,0,38.56474867,38.31128689,38.56473204,38.31126936,161.058106,98.55925309
12273.35407,12273.35407,76.53549117,78.51482659,0,0,1,0,0,0,0,38.31128689,38.04340393,38.31126936,38.04338542,155.6886128,103.6698864
12273.35407,12273.35407,78.51482659,80.60455477,0,0,1,0,0,0,0,38.04340393,37.75961756,38.04338542,37.75959795,152.0090938,109.331104
12273.35407,12273.35407,80.60455477,82.81533343,0,0,1,0,0,0,0,37.75961756,37.45819181,37.75959795,37.458171,150.008694,115.6110844
12273.35407,12273.35407,82.81533343,85.15929206,0,0,1,0,0,0,0,37.45819181,37.13708241,37.458171,37.13706024,149.6950828,122.5926781
12273.35407,12273.35407,85.15929206,87.6503002,0,0,1,0,0,0,0,37.13708241,36.7938667,37.13706024,36.793843,151.0980504,130.3772036
12273.35407,12273.35407,87.6503002,90.30429735,0,0,1,0,0,0,0,36.7938667,36.42565276,36.793843,36.42562734,154.2743902,139.089475
12273.35407,12273.35407,90.30429735,93.13970173,0,0,1,0,0,0,0,36.42565276,36.02895972,36.42562734,36.02893233,159.3145852,148.8845561
12273.35407,12273.35407,93.13970173,96.17792128,0,0,1,0,0,0,0,36.02895972,35.59955761,36.02893233,35.59952794,166.3520761,159.9569797
12273.35407,12273.35407,96.17792128,99.44399793,0,0,1,0,0,0,0,35.59955761,35.13224897,35.59952794,35.13221664,175.5763118,172.5535696
12273.35407,12273.35407,99.44399793,102.9674282,0,0,1,0,0,0,0,35.13224897,34.62056508,35.13221664,34.6205296,187.2514854,186.9916651
12273.35407,12273.35407,102.9674282,106.7832191,0,0,1,0,0,0,0,34.62056508,34.05633242,34.6205296,34.05629316,201.7440811,203.6857035
12273.35407,12273.35407,106.7832191,110.9332642,0,0,1,0,0,0,0,34.05633242,33.42903636,34.05629316,33.42899247,219.5645752,223.1872322
12273.35407,12273.35407,110.9332642,115.4681569,0,0,1,0,0,0,0,33.42903636,32.72485481,33.42899247,32.72480514,241.4328588,246.2474817
12273.35407,12273.35407,115.4681569,120.4496183,0,0,1,0,0,0,0,32.72485481,31.92512976,32.72480514,31.92507265,268.3855135,273.9199808
12273.35407,12273.35407,120.4496183,125.9537946,0,0,1,0,0,0,0,31.92512976,31.00382747,31.92507265,31.00376047,301.9616315,307.7390929
12273.35407,12273.35407,125.9537946,132.0758175,0,0,1,0,0,0,0,31.00382747,29.9230564,31.00376047,29.92297563,344.547491,350.0545296
12273.35407,12273.35407,132.0758175,138.9362327,0,0,1,0,0,0,0,29.9230564,28.6245515,29.92297563,28.62445038,400.0725459,404.7184559
12273.35407,12273.35407,138.9362327,146.6902676,0,0,1,0,0,0,0,28.6245515,27.01201273,28.62445038,27.011879,475.5653477,478.6610634
15128.97828,15128.97828,68,69.54914986,0,0,1,0,0,0,0,39.56924567,39.36547806,39.5692322,39.36546397,199.9522699,82.46097786
15128.97828,15128.97828,69.54914986,71.17098896,0,0,1,0,0,0,0,39.36547806,39.15166859,39.36546397,39.15165385,187.4094777,85.81372842
15128.97828,15128.97828,71.17098896,72.87144688,0,0,1,0,0,0,0,39.15166859,38.92702715,39.15165385,38.92701169,176.7372028,89.53815522
15128.97828,15128.97828,72.87144688,74.65714286,0,0,1,0,0,0,0,38.92702715,38.69064309,38.92701169,38.69062684,167.8703323,93.6662082
15128.97828,15128.97828,74.65714286,76.53549117,0,0,1,0,0,0,0,38.69064309,38.4414642,38.69062684,38.44144709,160.7549325,98.23605274
15128.97828,15128.97828,76.53549117,78.51482659,0,0,1,0,0,0,0,38.4414642,38.17827097,38.44144709,38.17825293,155.3492557,103.2933951
15128.97828,15128.97828,78.51482659,80.60455477,0,0,1,0,0,0,0,38.17827097,37.89964465,38.17825293,37.89962557,151.6251189,108.8931582
15128.97828,15128.97828,80.60455477,82.81533343,0,0,1,0,0,0,0,37.89964465,37.60392736,37.89962557,37.60390712,149.5697667,115.1016194
15128.97828,15128.97828,82.81533343,85.15929206,0,0,1,0,0,0,0,37.60392736,37.28917186,37.60390712,37.28915034,149.188378,121.9991622
15128.97828,15128.97828,85.15929206,87.6503002,0,0,1,0,0,0,0,37.28917186,36.95307765,37.28915034,36.95305469,150.5074333,129.6838561
15128.97828,15128.97828,87.6503002,90.30429735,0,0,1,0,0,0,0,36.95307765,36.59290848,36.95305469,36.59288389,153.5792598,138.2761657
15128.97828,15128.97828,90.30429735,93.13970173,0,0,1,0,0,0,0,36.59290848,36.2053849,36.59288389,36.20535846,158.4882077,147.925225
15128.97828,15128.97828,93.13970173,96.17792128,0,0,1,0,0,0,0,36.2053849,35.78654194,36.20535846,35.78651337,165.3591299,158.8173149
15128.97828,15128.97828,96.17792128,99.44399793,0,0,1,0,0,0,0,35.78654194,35.33153751,35.78651337,35.33150647,174.3691795,171.1875045
15128.97828,15128.97828,99.44399793,102.9674282,0,0,1,0,0,0,0,35.33153751,34.83438991,35.33150647,34.83435597,185.7644918,185.3359376
15128.97828,15128.97828,102.9674282,106.7832191,0,0,1,0,0,0,0,34.83438991,34.28761021,34.83435597,34.28757282,199.8842467,201.651118
15128.97828,15128.97828,106.7832191,110.9332642,0,0,1,0,0,0,0,34.28761021,33.68167487,34.28757282,33.68163331,217.1962111,220.6440673
15128.97828,15128.97828,110.9332642,115.4681569,0,0,1,0,0,0,0,33.68167487,33.00424765,33.68163331,33.00420093,238.3507605,242.9999996
15128.97828,15128.97828,115.4681569,120.4496183,0,0,1,0,0,0,0,33.00424765,32.23899319,33.00420093,32.23893995,264.2658513,269.6594565
15128.97828,15128.97828,120.4496183,125.9537946,0,0,1,0,0,0,0,32.23899319,31.36369805,32.23893995,31.36363634,296.2662851,301.9515801
15128.97828,15128.97828,125.9537946,132.0758175,0,0,1,0,0,0,0,31.36369805,30.34716117,31.36363634,30.34708805,336.3233409,341.8252619
15128.97828,15128.97828,132.0758175,138.9362327,0,0,1,0,0,0,0,30.34716117,29.14378965,30.34708805,29.14370043,387.4907071,392.2763642
15128.97828,15128.97828,138.9362327,146.6902676,0,0,1,0,0,0,0,29.14378965,27.68374504,29.14370043,27.68363179,454.7433892,458.1922227
19618.36583,19618.36583,68,69.54914986,0,0,1,0,0,0,0,39.74011612,39.54091049,39.74010306,39.54089685,199.6373974,82.22796203
19618.36583,19618.36583,69.54914986,71.17098896,0,0,1,0,0,0,0,39.54091049,39.33201377,39.54089685,39.33199951,187.0753392,85.53282035
19618.36583,19618.36583,71.17098896,72.87144688,0,0,1,0,0,0,0,39.33201377,39.11267771,39.33199951,39.11266277,176.3778296,89.20398036
19618.36583,19618.36583,72.87144688,74.65714286,0,0,1,0,0,0,0,39.11267771,38.88204124,39.11266277,38.88202555,167.4787791,93.27234829
19618.36583,19618.36583,74.65714286,76.53549117,0,0,1,0,0,0,0,38.88204124,38.63911131,38.88202555,38.63909482,160.3230311,97.77480551
19618.36583,19618.36583,76.53549117,78.51482659,0,0,1,0,0,0,0,38.63911131,38.3827395,38.63909482,38.38272212,154.8672957,102.7554635
19618.36583,19618.36583,78.51482659,80.60455477,0,0,1,0,0,0,0,38.3827395,38.11159314,38.38272212,38.1115748,151.0814278,108.2672442
19618.36583,19618.36583,80.60455477,82.81533343,0,0,1,0,0,0,0,38.11159314,37.8241196,38.1115748,37.82410019,148.9501516,114.3738853
19618.36583,19618.36583,82.81533343,85.15929206,0,0,1,0,0,0,0,37.8241196,37.51850156,37.82410019,37.51848096,148.4753708,121.1525076
19618.36583,19618.36583,85.15929206,87.6503002,0,0,1,0,0,0,0,37.51850156,37.19260056,37.51848096,37.19257864,149.6792578,128.6969321
19618.36583,19618.36583,87.6503002,90.30429735,0,0,1,0,0,0,0,37.19260056,36.84388508,37.19257864,36.84386166,152.6083907,137.1220077
19618.36583,19618.36583,90.30429735,93.13970173,0,0,1,0,0,0,0,36.84388508,36.46933769,36.84386166,36.46931258,157.3393265,146.569321
19618.36583,19618.36583,93.13970173,96.17792128,0,0,1,0,0,0,0,36.46933769,36.06533393,36.46931258,36.06530689,163.9861659,157.2148187
19618.36583,19618.36583,96.17792128,99.44399793,0,0,1,0,0,0,0,36.06533393,35.62748181,36.06530689,35.62745255,172.7109284,169.279122
19618.36583,19618.36583,99.44399793,102.9674282,0,0,1,0,0,0,0,35.62748181,35.15040621,35.62745255,35.15037437,183.7379666,183.0416928
19618.36583,19618.36583,102.9674282,106.7832191,0,0,1,0,0,0,0,35.15040621,34.62745376,35.15037437,34.62741888,197.3742993,198.8606242
19618.36583,19618.36583,106.7832191,110.9332642,0,0,1,0,0,0,0,34.62745376,34.05028156,34.62741888,34.05024305,214.0388079,217.2008291
19618.36583,19618.36583,110.9332642,115.4681569,0,0,1,0,0,0,0,34.05028156,33.40827114,34.05024305,33.40822823,234.3050369,238.6750985
19618.36583,19618.36583,115.4681569,120.4496183,0,0,1,0,0,0,0,33.40827114,32.68767376,33.40822823,32.68762539,258.9654302,264.1054648
19618.36583,19618.36583,120.4496183,125.9537946,0,0,1,0,0,0,0,32.68767376,31.87033099,32.68762539,31.87027573,289.1303119,294.6176647
19618.36583,19618.36583,125.9537946,132.0758175,0,0,1,0,0,0,0,31.87033099,30.9317083,31.87027573,30.93164407,326.3847371,331.7914297
19618.36583,19618.36583,132.0758175,138.9362327,0,0,1,0,0,0,0,30.9317083,29.83779936,30.93164407,29.8377231,373.0436179,377.9078169
19618.36583,19618.36583,138.9362327,146.6902676,0,0,1,0,0,0,0,29.83779936,28.54020167,29.8377231,28.54010863,432.5720914,436.3666438
27927.90431,27927.90431,68,69.54914986,0,0,1,0,0,0,0,40.04158669,39.8499818,40.0415743,39.84996888,199.1298025,81.87461692
27927.90431,27927.90431,69.54914986,71.17098896,0,0,1,0,0,0,0,39.8499818,39.64924265,39.84996888,39.64922916,186.5403251,85.10021482
27927.90431,27927.90431,71.17098896,72.87144688,0,0,1,0,0,0,0,39.64924265,39.43868411,39.64922916,39.43867001,175.80596,88.68371988
27927.90431,27927.90431,72.87144688,74.65714286,0,0,1,0,0,0,0,39.43868411,39.21751947,39.43867001,39.2175047,166.859177,92.65445978
27927.90431,27927.90431,74.65714286,76.53549117,0,0,1,0,0,0,0,39.21751947,38.98484378,39.2175047,38.98482828,159.6430299,97.04739369
27927.90431,27927.90431,76.53549117,78.51482659,0,0,1,0,0,0,0,38.98484378,38.73961368,38.98482828,38.7395974,154.1119914,101.9042723
27927.90431,27927.90431,78.51482659,80.60455477,0,0,1,0,0,0,0,38.73961368,38.48062274,38.7395974,38.48060559,150.2330987,107.2750907
27927.90431,27927.90431,80.60455477,82.81533343,0,0,1,0,0,0,0,38.48062274,38.20647116,38.48060559,38.20645305,147.9874966,113.2199221
27927.90431,27927.90431,82.81533343,85.15929206,0,0,1,0,0,0,0,38.20647116,37.91552831,38.20645305,37.91550916,147.3724974,119.8112491
27927.90431,27927.90431,85.15929206,87.6503002,0,0,1,0,0,0,0,37.91552831,37.60588602,37.91550916,37.60586571,148.4043178,127.1369508
27927.90431,27927.90431,87.6503002,90.30429735,0,0,1,0,0,0,0,37.60588602,37.27529977,37.60586571,37.27527816,151.1217158,135.3041656
27927.90431,27927.90431,90.30429735,93.13970173,0,0,1,0,0,0,0,37.27529977,36.92111406,37.27527816,36.921091,155.5908388,144.4443281
27927.90431,27927.90431,93.13970173,96.17792128,0,0,1,0,0,0,0,36.92111406,36.54016682,36.921091,36.5401421,161.9117184,154.7198047
27927.90431,27927.90431,96.17792128,99.44399793,0,0,1,0,0,0,0,36.54016682,36.12866532,36.5401421,36.12863874,170.227037,166.3327245
27927.90431,27927.90431,99.44399793,102.9674282,0,0,1,0,0,0,0,36.12866532,35.68202372,36.12863874,35.68199498,180.7340669,179.536867
27927.90431,27927.90431,102.9674282,106.7832191,0,0,1,0,0,0,0,35.68202372,35.1946471,35.68199498,35.19461586,193.701103,194.6538577
27927.90431,27927.90431,106.7832191,110.9332642,0,0,1,0,0,0,0,35.1946471,34.65964106,35.19461586,34.6596069,209.4903501,212.0955272
27927.90431,27927.90431,110.9332642,115.4681569,0,0,1,0,0,0,0,34.65964106,34.06841539,34.6596069,34.06837775,228.5902173,232.3952141
27927.90431,27927.90431,115.4681569,120.4496183,0,0,1,0,0,0,0,34.06841539,33.41013566,34.06837775,33.41009384,251.6615032,256.252245
27927.90431,27927.90431,120.4496183,125.9537946,0,0,1,0,0,0,0,33.41013566,32.67095441,33.41009384,32.67090745,279.6043272,284.5960971
27927.90431,27927.90431,125.9537946,132.0758175,0,0,1,0,0,0,0,32.67095441,31.83292284,32.67090745,31.83286948,313.6561717,318.6802426
27927.90431,27927.90431,132.0758175,138.9362327,0,0,1,0,0,0,0,31.83292284,30.87244862,31.83286948,30.87238711,355.536038,360.2206534
27927.90431,27927.90431,138.9362327,146.6902676,0,0,1,0,0,0,0,30.87244862,29.75815459,30.87238711,29.75808246,407.6534156,411.5992471
50000,50000,68,69.54914986,0,0,1,0,0,0,0,40.76577965,40.59041745,40.76576867,40.59040604,198.1224207,81.29568376
50000,50000,69.54914986,71.17098896,0,0,1,0,0,0,0,40.59041745,40.40700357,40.59040604,40.40699169,185.4939072,84.35081121
50000,50000,71.17098896,72.87144688,0,0,1,0,0,0,0,40.40700357,40.21496434,40.40699169,40.21495196,174.7018843,87.74764124
50000,50000,72.87144688,74.65714286,0,0,1,0,0,0,0,40.21496434,40.01364302,40.21495196,40.0136301,165.67636,91.51260135
50000,50000,74.65714286,76.53549117,0,0,1,0,0,0,0,40.01364302,39.80228696,40.0136301,39.80227346,158.3573677,95.67718149
50000,50000,76.53549117,78.51482659,0,0,1,0,0,0,0,39.80228696,39.58003225,39.80227346,39.58001813,152.6956589,100.2789526
50000,50000,78.51482659,80.60455477,0,0,1,0,0,0,0,39.58003225,39.34588514,39.58001813,39.34587034,148.6536609,105.3628359
50000,50000,80.60455477,82.81533343,0,0,1,0,0,0,0,39.34588514,39.09869958,39.34587034,39.09868404,146.2067702,110.9826951
50000,50000,82.81533343,85.15929206,0,0,1,0,0,0,0,39.09869958,38.83714981,39.09868404,38.83713347,145.3450761,117.2033477
50000,50000,85.15929206,87.6503002,0,0,1,0,0,0,0,38.83714981,38.55969678,38.83713347,38.55967955,146.0756404,124.1031221
50000,50000,87.6503002,90.30429735,0,0,1,0,0,0,0,38.55969678,38.26454667,38.55967955,38.26452847,148.4255053,131.7771349
50000,50000,90.30429735,93.13970173,0,0,1,0,0,0,0,38.26454667,37.9495994,38.26452847,37.94958012,152.4456641,140.341521
50000,50000,93.13970173,96.17792128,0,0,1,0,0,0,0,37.9495994,37.61238416,37.94958012,37.61236368,158.2163162,149.938939
50000,50000,96.17792128,99.44399793,0,0,1,0,0,0,0,37.61238416,37.24997809,37.61236368,37.24995627,165.8538559,160.745795
50000,50000,99.44399793,102.9674282,0,0,1,0,0,0,0,37.24997809,36.85890303,37.24995627,36.85887971,175.5202224,172.9818052
50000,50000,102.9674282,106.7832191,0,0,1,0,0,0,0,36.85890303,36.43499317,36.85887971,36.43496814,187.4354992,186.9227684
50000,50000,106.7832191,110.9332642,0,0,1,0,0,0,0,36.43499317,35.97322425,36.43496814,35.97319726,201.895033,202.917787
50000,50000,110.9332642,115.4681569,0,0,1,0,0,0,0,35.97322425,35.46749136,35.97319726,35.46746212,219.2928936,221.4127086
50000,50000,115.4681569,120.4496183,0,0,1,0,0,0,0,35.46749136,34.91031807,35.46746212,34.91028622,240.154319,242.9823451
50000,50000,120.4496183,125.9537946,0,0,1,0,0,0,0,34.91031807,34.29247401,34.91028622,34.29243908,265.180977,268.3751735
50000,50000,125.9537946,132.0758175,0,0,1,0,0,0,0,34.29247401,33.60247175,34.29243908,33.60243316,295.3146009,298.5758984
50000,50000,132.0758175,138.9362327,0,0,1,0,0,0,0,33.60247175,32.82590984,33.60243316,32.82586685,331.8269433,334.8936398
50000,50000,138.9362327,146.6902676,0,0,1,0,0,0,0,32.82590984,31.94463385,32.82586685,31.94458552,376.4470622,379.0867702
