70,70,74.65714286,76.53549117,1,0,0,1,1,1,1,0.116870928,0.113691978,0.116868933,0.113690048,58.01382921,57.79098518
70,70,76.53549117,78.51482659,1,0,0,1,1,1,1,0.113691978,0.110540237,0.113690048,0.110538371,60.87050846,60.57880756
70,70,78.51482659,80.60455477,1,0,0,1,1,1,1,0.110540237,0.107412198,0.110538371,0.107410393,64.00091444,63.65901506
70,70,80.60455477,82.81533343,1,0,0,1,1,1,1,0.107412198,0.104304409,0.107410393,0.104302665,67.44150968,67.06325446
70,70,82.81533343,85.15929206,1,0,0,1,1,1,1,0.104304409,0.101213452,0.104302665,0.101211767,71.23515349,70.83118657
70,70,85.15929206,87.6503002,1,0,0,1,1,1,1,0.101213452,0.098135919,0.101211767,0.098134292,75.43251473,75.01129243
70,70,87.6503002,90.30429735,1,0,0,1,1,1,1,0.098135919,0.095068388,0.098134292,0.095066818,80.09386597,79.66231079
70,70,90.30429735,93.13970173,1,0,0,1,1,1,1,0.095068388,0.092007396,0.095066818,0.092005883,85.2913819,84.85531843
70,70,93.13970173,96.17792128,1,0,0,1,1,1,1,0.092007396,0.088949417,0.092005883,0.088947959,91.11211169,90.67656388
70,70,96.17792128,99.44399793,1,0,0,1,1,1,1,0.088949417,0.085890825,0.088947959,0.085889422,97.66186265,97.23125981
70,70,99.44399793,102.9674282,1,0,0,1,1,1,1,0.085890825,0.082827864,0.085889422,0.082826514,105.070331,104.6486523
70,70,102.9674282,106.7832191,1,0,0,1,1,1,1,0.082827864,0.079756606,0.082826514,0.079755311,113.4979623,113.0888392
70,70,106.7832191,110.9332642,1,0,0,1,1,1,1,0.079756606,0.076672911,0.079755311,0.076671668,123.1452467,122.7520365
70,70,110.9332642,115.4681569,1,0,0,1,1,1,1,0.076672911,0.073572364,0.076671668,0.073571175,134.2654952,133.891335
70,70,115.4681569,120.4496183,1,0,0,1,1,1,1,0.073572364,0.070450221,0.073571175,0.070449085,147.182681,146.8305303
70,70,120.4496183,125.9537946,1,0,0,1,1,1,1,0.070450221,0.06730132,0.070449085,0.067300237,162.3167964,161.9894735
70,70,125.9537946,132.0758175,1,0,0,1,1,1,1,0.06730132,0.064119991,0.067300237,0.064118961,180.2205983,179.9208169
70,70,132.0758175,138.9362327,1,0,0,1,1,1,1,0.064119991,0.060899923,0.064118961,0.060898947,201.6340326,201.3644438
70,70,138.9362327,146.6902676,1,0,0,1,1,1,1,0.060899923,0.057634014,0.060898947,0.057633091,227.5668482,227.3300931
70,70,146.6902676,155.541526,1,0,0,1,1,1,1,0.057634014,0.054314152,0.057633091,0.054313283,259.4275492,259.2263246
70,70,155.541526,165.7628218,1,0,0,1,1,1,1,0.054314152,0.050930938,0.054313283,0.050930125,299.2312153,299.0683433
70,70,165.7628218,177.7289481,1,0,0,1,1,1,1,0.050930938,0.047473303,0.050930125,0.047472546,349.9470638,349.8255314
70,70,177.7289481,191.9702921,1,0,0,1,1,1,1,0.047473303,0.043927953,0.047472546,0.043927253,416.1055376,416.0284025
70,70,191.9702921,209.264784,1,0,0,1,1,1,1,0.043927953,0.04027858,0.043927253,0.040277939,504.9151076,504.885036
70,70,209.264784,230.8048858,1,0,0,1,1,1,1,0.04027858,0.036504645,0.040277939,0.036504064,628.4504751,628.4684843
70,70,230.8048858,258.5233119,1,0,0,1,1,1,1,0.036504645,0.03257944,0.036504064,0.032578922,808.2915838,808.3546374
70,70,258.5233119,295.789425,1,0,0,1,1,1,1,0.03257944,0.028466793,0.032578922,0.028466341,1086.415645,1086.51475
70,70,295.789425,349.0928852,1,0,0,1,1,1,1,0.028466793,0.024114968,0.028466341,0.024114585,1554.579828,1554.709384
70,70,349.0928852,432.8923884,1,0,0,1,1,1,1,0.024114968,0.019443973,0.024114585,0.019443664,2451.232677,2451.434671
70,70,432.8923884,587.9993353,1,0,0,1,1,1,1,0.019443973,0.014314017,0.019443664,0.014313819,4599.72228,4600.00474
70,70,587.9993353,1000,1,0,0,1,1,1,1,0.014314017,0.008416981,0.014313819,0.008416857,12930.92296,12930.75763
152.9925457,152.9925457,82.81533343,85.15929206,1,0,0,1,1,1,1,0.23561245,0.227940818,0.235608231,0.22793678,75.33571557,74.70323808
152.9925457,152.9925457,85.15929206,87.6503002,1,0,0,1,1,1,1,0.227940818,0.220391239,0.22793678,0.220387375,79.36788471,78.6057063
152.9925457,152.9925457,87.6503002,90.30429735,1,0,0,1,1,1,1,0.220391239,0.212947358,0.220387375,0.21294366,83.87198691,83.03000982
152.9925457,152.9925457,90.30429735,93.13970173,1,0,0,1,1,1,1,0.212947358,0.205593723,0.21294366,0.205590184,88.91931725,88.03151976
152.9925457,152.9925457,93.13970173,96.17792128,1,0,0,1,1,1,1,0.205593723,0.198315591,0.205590184,0.198312205,94.5961672,93.68679453
152.9925457,152.9925457,96.17792128,99.44399793,1,0,0,1,1,1,1,0.198315591,0.191098747,0.198312205,0.191095508,101.0076901,100.0948102
152.9925457,152.9925457,99.44399793,102.9674282,1,0,0,1,1,1,1,0.191098747,0.18392933,0.191095508,0.183926234,108.2830177,107.3806634
152.9925457,152.9925457,102.9674282,106.7832191,1,0,0,1,1,1,1,0.18392933,0.176793668,0.183926234,0.176790712,116.5821093,115.7016202
152.9925457,152.9925457,106.7832191,110.9332642,1,0,0,1,1,1,1,0.176793668,0.169678111,0.176790712,0.169675291,126.1050383,125.2559255
152.9925457,152.9925457,110.9332642,115.4681569,1,0,0,1,1,1,1,0.169678111,0.162568846,0.169675291,0.16256616,137.1047627,136.2952757
152.9925457,152.9925457,115.4681569,120.4496183,1,0,0,1,1,1,1,0.162568846,0.155451715,0.16256616,0.155449159,149.9049625,149.1424666
152.9925457,152.9925457,120.4496183,125.9537946,1,0,0,1,1,1,1,0.155451715,0.148311988,0.155449159,0.148309561,164.9253951,164.2166248
152.9925457,152.9925457,125.9537946,132.0758175,1,0,0,1,1,1,1,0.148311988,0.141134115,0.148309561,0.141131816,182.7186419,182.0698755
152.9925457,152.9925457,132.0758175,138.9362327,1,0,0,1,1,1,1,0.141134115,0.133901421,0.141131816,0.133899248,204.0245373,203.4417224
152.9925457,152.9925457,138.9362327,146.6902676,1,0,0,1,1,1,1,0.133901421,0.126595723,0.133899248,0.126593676,229.8527904,229.3416419
152.9925457,152.9925457,146.6902676,155.541526,1,0,0,1,1,1,1,0.126595723,0.119196852,0.126593676,0.11919493,261.6119517,261.1780308
152.9925457,152.9925457,155.541526,165.7628218,1,0,0,1,1,1,1,0.119196852,0.111682009,0.11919493,0.111680214,301.3172546,300.9660262
152.9925457,152.9925457,165.7628218,177.7289481,1,0,0,1,1,1,1,0.111682009,0.104024904,0.111680214,0.104023237,351.9382123,351.6750399
152.9925457,152.9925457,177.7289481,191.9702921,1,0,0,1,1,1,1,0.104024904,0.096194544,0.104023237,0.096193006,418.0057587,417.8357263
152.9925457,152.9925457,191.9702921,209.264784,1,0,0,1,1,1,1,0.096194544,0.088153466,0.096193006,0.08815206,506.7291373,506.6564392
152.9925457,152.9925457,209.264784,230.8048858,1,0,0,1,1,1,1,0.088153466,0.079855075,0.08815206,0.079853803,630.1842464,630.2106748
152.9925457,152.9925457,230.8048858,258.5233119,1,0,0,1,1,1,1,0.079855075,0.071239382,0.079853803,0.07123825,809.9529008,810.0749863
152.9925457,152.9925457,258.5233119,295.789425,1,0,0,1,1,1,1,0.071239382,0.06222578,0.07123825,0.062224792,1088.015323,1088.221573
152.9925457,152.9925457,295.789425,349.0928852,1,0,0,1,1,1,1,0.06222578,0.052699668,0.062224792,0.052698832,1556.133779,1556.412271
152.9925457,152.9925457,349.0928852,432.8923884,1,0,0,1,1,1,1,0.052699668,0.042484656,0.052698832,0.042483983,2452.766179,2453.144645
152.9925457,152.9925457,432.8923884,587.9993353,1,0,0,1,1,1,1,0.042484656,0.031273563,0.042483983,0.031273205,4601.290655,4601.732886
152.9925457,152.9925457,587.9993353,1000,1,0,0,1,1,1,1,0.031273563,0.018390502,0.031273205,0.018390253,12932.57205,12932.50021
239.8792691,239.8792691,87.6503002,90.30429735,1,0,0,1,1,1,1,0.356368235,0.343233798,0.356361566,0.34322748,88.40390514,87.44239343
239.8792691,239.8792691,90.30429735,93.13970173,1,0,0,1,1,1,1,0.343233798,0.330417117,0.34322748,0.330411126,93.20476666,92.02847097
239.8792691,239.8792691,93.13970173,96.17792128,1,0,0,1,1,1,1,0.330417117,0.317873289,0.330411126,0.317867606,98.65517239,97.36141304
239.8792691,239.8792691,96.17792128,99.44399793,1,0,0,1,1,1,1,0.317873289,0.305561503,0.317867606,0.30555611,104.8574181,103.5082034
239.8792691,239.8792691,99.44399793,102.9674282,1,0,0,1,1,1,1,0.305561503,0.293444174,0.30555611,0.293439056,111.9382784,110.5753706
239.8792691,239.8792691,102.9674282,106.7832191,1,0,0,1,1,1,1,0.293444174,0.281486216,0.293439056,0.281481358,120.0557561,118.7087618
239.8792691,239.8792691,106.7832191,110.9332642,1,0,0,1,1,1,1,0.281486216,0.269654396,0.281481358,0.269649789,129.4082933,128.0992714
239.8792691,239.8792691,110.9332642,115.4681569,1,0,0,1,1,1,1,0.269654396,0.257916763,0.269649789,0.257912397,140.2474844,138.9936978
239.8792691,239.8792691,115.4681569,120.4496183,1,0,0,1,1,1,1,0.257916763,0.246242101,0.257912397,0.246237967,152.8958704,151.7114841
239.8792691,239.8792691,120.4496183,125.9537946,1,0,0,1,1,1,1,0.246242101,0.234599386,0.246237967,0.234595478,167.7722619,166.6694101
239.8792691,239.8792691,125.9537946,132.0758175,1,0,0,1,1,1,1,0.234599386,0.22295723,0.234595478,0.222953541,185.4284629,184.4179274
239.8792691,239.8792691,132.0758175,138.9362327,1,0,0,1,1,1,1,0.22295723,0.211283264,0.222953541,0.211279791,206.6036846,205.6953277
239.8792691,239.8792691,138.9362327,146.6902676,1,0,0,1,1,1,1,0.211283264,0.199543435,0.211279791,0.199540174,232.3071616,231.5102028
239.8792691,239.8792691,146.6902676,155.541526,1,0,0,1,1,1,1,0.199543435,0.18770115,0.199540174,0.187698098,263.9471195,263.2703097
239.8792691,239.8792691,155.541526,165.7628218,1,0,0,1,1,1,1,0.18770115,0.175716196,0.187698098,0.175713353,303.5386304,302.9903406
239.8792691,239.8792691,165.7628218,177.7289481,1,0,0,1,1,1,1,0.175716196,0.163543315,0.175713353,0.16354068,354.0512372,353.6394334
239.8792691,239.8792691,177.7289481,191.9702921,1,0,0,1,1,1,1,0.163543315,0.151130243,0.16354068,0.151127817,420.0161441,419.7481343
239.8792691,239.8792691,191.9702921,209.264784,1,0,0,1,1,1,1,0.151130243,0.138414896,0.151127817,0.138412681,508.6431907,508.5248664
239.8792691,239.8792691,209.264784,230.8048858,1,0,0,1,1,1,1,0.138414896,0.125321132,0.138412681,0.125319132,632.0093428,632.0434019
239.8792691,239.8792691,230.8048858,258.5233119,1,0,0,1,1,1,1,0.125321132,0.111752036,0.125319132,0.111750257,811.6982134,811.8808246
239.8792691,239.8792691,258.5233119,295.789425,1,0,0,1,1,1,1,0.111752036,0.097578521,0.111750257,0.09757697,1089.69304,1090.010183
239.8792691,239.8792691,295.789425,349.0928852,1,0,0,1,1,1,1,0.097578521,0.082618299,0.09757697,0.082616989,1557.761312,1558.194524
239.8792691,239.8792691,349.0928852,432.8923884,1,0,0,1,1,1,1,0.082618299,0.066592183,0.082616989,0.066591128,2454.370671,2454.932832
239.8792691,239.8792691,432.8923884,587.9993353,1,0,0,1,1,1,1,0.066592183,0.04901579,0.066591128,0.049015352,4602.930667,4603.539327
239.8792691,239.8792691,587.9993353,1000,1,0,0,1,1,1,1,0.04901579,0.02882536,0.049015352,0.028825009,12934.2964,12934.32183
330.9778353,330.9778353,90.30429735,93.13970173,1,0,0,1,1,1,1,0.488722124,0.468782913,0.488712493,0.46877389,98.38235263,97.33302454
330.9778353,330.9778353,93.13970173,96.17792128,1,0,0,1,1,1,1,0.468782913,0.449535697,0.46877389,0.449527227,103.4723438,102.0133141
330.9778353,330.9778353,96.17792128,99.44399793,1,0,0,1,1,1,1,0.449535697,0.430875943,0.449527227,0.430867981,109.3549479,107.6839908
330.9778353,330.9778353,99.44399793,102.9674282,1,0,0,1,1,1,1,0.430875943,0.412712639,0.430867981,0.412705145,116.1497514,114.3832078
330.9778353,330.9778353,102.9674282,106.7832191,1,0,0,1,1,1,1,0.412712639,0.394965236,0.412705145,0.394958178,124.0091152,122.2200972
330.9778353,330.9778353,106.7832191,110.9332642,1,0,0,1,1,1,1,0.394965236,0.377561252,0.394958178,0.377554603,133.1270017,131.364261
330.9778353,330.9778353,110.9332642,115.4681569,1,0,0,1,1,1,1,0.377561252,0.360434339,0.377554603,0.360428075,143.7514138,142.0493564
330.9778353,330.9778353,115.4681569,120.4496183,1,0,0,1,1,1,1,0.360434339,0.343522659,0.360428075,0.34351676,156.2019928,154.5863255
330.9778353,330.9778353,120.4496183,125.9537946,1,0,0,1,1,1,1,0.343522659,0.326767474,0.34351676,0.326761924,170.8951972,169.3862512
330.9778353,330.9778353,125.9537946,132.0758175,1,0,0,1,1,1,1,0.326767474,0.31011185,0.326761924,0.310106635,188.3809223,186.9956562
330.9778353,330.9778353,132.0758175,138.9362327,1,0,0,1,1,1,1,0.31011185,0.293499397,0.310106635,0.293494505,209.3968397,208.1500573
330.9778353,330.9778353,138.9362327,146.6902676,1,0,0,1,1,1,1,0.293499397,0.276872969,0.293494505,0.276868393,234.9509606,233.8560471
330.9778353,330.9778353,146.6902676,155.541526,1,0,0,1,1,1,1,0.276872969,0.260173223,0.276868393,0.260168953,266.4505729,265.5199241
330.9778353,330.9778353,155.541526,165.7628218,1,0,0,1,1,1,1,0.260173223,0.243336907,0.260168953,0.24333294,305.9100841,305.1553176
330.9778353,330.9778353,165.7628218,177.7289481,1,0,0,1,1,1,1,0.243336907,0.226294727,0.24333294,0.22629106,356.2986542,355.7306134
330.9778353,330.9778353,177.7289481,191.9702921,1,0,0,1,1,1,1,0.226294727,0.20896849,0.22629106,0.208965121,422.1474235,421.7758716
330.9778353,330.9778353,191.9702921,209.264784,1,0,0,1,1,1,1,0.20896849,0.191267095,0.208965121,0.191264026,510.6665635,510.4992832
330.9778353,330.9778353,209.264784,230.8048858,1,0,0,1,1,1,1,0.191267095,0.173080586,0.191264026,0.173077818,633.9339118,633.9746559
330.9778353,330.9778353,230.8048858,258.5233119,1,0,0,1,1,1,1,0.173080586,0.154270771,0.173077818,0.154268312,813.5347581,813.7794163
330.9778353,330.9778353,258.5233119,295.789425,1,0,0,1,1,1,1,0.154270771,0.134655406,0.154268312,0.134653266,1091.455327,1091.887323
330.9778353,330.9778353,295.789425,349.0928852,1,0,0,1,1,1,1,0.134655406,0.113979051,0.134653266,0.113977244,1559.468447,1560.062551
330.9778353,330.9778353,349.0928852,432.8923884,1,0,0,1,1,1,1,0.113979051,0.091852598,0.113977244,0.091851143,2456.05186,2456.80546
330.9778353,330.9778353,432.8923884,587.9993353,1,0,0,1,1,1,1,0.091852598,0.067603692,0.091851143,0.067603264,4604.648021,4605.430261
330.9778353,330.9778353,587.9993353,1000,1,0,0,1,1,1,1,0.067603692,0.039758762,0.067603264,0.039758334,12936.102,12936.22876
426.6428571,426.6428571,93.13970173,96.17792128,1,0,0,1,1,1,1,0.623838475,0.595837236,0.623825592,0.595825306,109.3261406,108.1909158
426.6428571,426.6428571,96.17792128,99.44399793,1,0,0,1,1,1,1,0.595837236,0.569102717,0.595825306,0.569091633,114.7099943,112.96006
426.6428571,426.6428571,99.44399793,102.9674282,1,0,0,1,1,1,1,0.569102717,0.543425274,0.569091633,0.543414949,121.0770338,119.0271842
426.6428571,426.6428571,102.9674282,106.7832191,1,0,0,1,1,1,1,0.543425274,0.518629389,0.543414949,0.518619751,128.5648113,126.3902387
426.6428571,426.6428571,106.7832191,110.9332642,1,0,0,1,1,1,1,0.518629389,0.494565094,0.518619751,0.494556086,137.3562316,135.162018
426.6428571,426.6428571,110.9332642,115.4681569,1,0,0,1,1,1,1,0.494565094,0.471101663,0.494556086,0.471093235,147.6908951,145.5443657
426.6428571,426.6428571,115.4681569,120.4496183,1,0,0,1,1,1,1,0.471101663,0.4481228,0.471093235,0.448114913,159.881963,157.8290491
426.6428571,426.6428571,120.4496183,125.9537946,1,0,0,1,1,1,1,0.4481228,0.425522853,0.448114913,0.425515473,174.3408384,172.4149457
426.6428571,426.6428571,125.9537946,132.0758175,1,0,0,1,1,1,1,0.425522853,0.403203686,0.425515473,0.403196785,191.6134388,189.8404876
426.6428571,426.6428571,132.0758175,138.9362327,1,0,0,1,1,1,1,0.403203686,0.381071968,0.403196785,0.381065523,212.4342931,210.8356533
426.6428571,426.6428571,138.9362327,146.6902676,1,0,0,1,1,1,1,0.381071968,0.359036663,0.381065523,0.359030656,237.808936,236.4031411
426.6428571,426.6428571,146.6902676,155.541526,1,0,0,1,1,1,1,0.359036663,0.337006537,0.359030656,0.337000953,269.1427285,267.9464507
426.6428571,426.6428571,155.541526,165.7628218,1,0,0,1,1,1,1,0.337006537,0.31488746,0.337000953,0.314882286,308.448629,307.4771734
426.6428571,426.6428571,165.7628218,177.7289481,1,0,0,1,1,1,1,0.31488746,0.29257925,0.314882286,0.29257448,358.6947909,357.9622135
426.6428571,426.6428571,177.7289481,191.9702921,1,0,0,1,1,1,1,0.29257925,0.269971688,0.29257448,0.269967316,424.411797,423.9305876
426.6428571,426.6428571,191.9702921,209.264784,1,0,0,1,1,1,1,0.269971688,0.246939088,0.269967316,0.246935113,512.8097669,512.5898217
426.6428571,426.6428571,209.264784,230.8048858,1,0,0,1,1,1,1,0.246939088,0.223332414,0.246935113,0.223328836,635.967125,636.0134217
426.6428571,426.6428571,230.8048858,258.5233119,1,0,0,1,1,1,1,0.223332414,0.198967007,0.223328836,0.198963833,815.4706517,815.7788979
426.6428571,426.6428571,258.5233119,295.789425,1,0,0,1,1,1,1,0.198967007,0.173602012,0.198963833,0.173599252,1093.309488,1093.860529
426.6428571,426.6428571,295.789425,349.0928852,1,0,0,1,1,1,1,0.173602012,0.146902617,0.173599252,0.146900288,1561.261899,1562.023492
426.6428571,426.6428571,349.0928852,432.8923884,1,0,0,1,1,1,1,0.146902617,0.118361843,0.146900288,0.118359969,2457.81611,2458.769464
426.6428571,426.6428571,432.8923884,587.9993353,1,0,0,1,1,1,1,0.118361843,0.087107493,0.118359969,0.087107182,4606.449075,4607.412585
426.6428571,426.6428571,587.9993353,1000,1,0,0,1,1,1,1,0.087107493,0.051232197,0.087107182,0.051231721,12937.99554,12938.22798
527.2715386,527.2715386,96.17792128,99.44399793,1,0,0,1,1,1,1,0.760256522,0.722976622,0.760240166,0.722961656,121.2429488,119.9134829
527.2715386,527.2715386,99.44399793,102.9674282,1,0,0,1,1,1,1,0.722976622,0.687762599,0.722961656,0.687748835,126.9528579,124.8545309
527.2715386,527.2715386,102.9674282,106.7832191,1,0,0,1,1,1,1,0.687762599,0.6542395,0.687748835,0.654226793,133.8946263,131.4445455
527.2715386,527.2715386,106.7832191,110.9332642,1,0,0,1,1,1,1,0.6542395,0.62210443,0.654226793,0.622092664,142.2246122,139.6467452
527.2715386,527.2715386,110.9332642,115.4681569,1,0,0,1,1,1,1,0.62210443,0.59110652,0.622092664,0.591095601,152.1635264,149.588364
527.2715386,527.2715386,115.4681569,120.4496183,1,0,0,1,1,1,1,0.59110652,0.561032956,0.591095601,0.56102281,164.0107617,161.5199492
527.2715386,527.2715386,120.4496183,125.9537946,1,0,0,1,1,1,1,0.561032956,0.531698865,0.56102281,0.531689431,178.167483,175.815737
527.2715386,527.2715386,125.9537946,132.0758175,1,0,0,1,1,1,1,0.531698865,0.502939678,0.531689431,0.502930904,195.1718719,192.9985629
527.2715386,527.2715386,132.0758175,138.9362327,1,0,0,1,1,1,1,0.502939678,0.474605108,0.502930904,0.474596954,215.7525422,213.7881062
527.2715386,527.2715386,138.9362327,146.6902676,1,0,0,1,1,1,1,0.474605108,0.446554115,0.474596954,0.446546546,240.9104751,239.1800313
527.2715386,527.2715386,146.6902676,155.541526,1,0,0,1,1,1,1,0.446554115,0.418650397,0.446546546,0.418643386,272.0475302,270.5728978
527.2715386,527.2715386,155.541526,165.7628218,1,0,0,1,1,1,1,0.418650397,0.390757994,0.418643386,0.390751521,311.1740096,309.9747523
527.2715386,527.2715386,165.7628218,177.7289481,1,0,0,1,1,1,1,0.390757994,0.362736583,0.390751521,0.362730632,361.25613,360.3499267
527.2715386,527.2715386,177.7289481,191.9702921,1,0,0,1,1,1,1,0.362736583,0.334435918,0.362730632,0.334430476,426.8231987,426.2255852
527.2715386,527.2715386,191.9702921,209.264784,1,0,0,1,1,1,1,0.334435918,0.305688635,0.334430476,0.305683697,515.084735,514.807977
527.2715386,527.2715386,209.264784,230.8048858,1,0,0,1,1,1,1,0.305688635,0.276300118,0.305683697,0.276295682,638.1193456,638.1698401
527.2715386,527.2715386,230.8048858,258.5233119,1,0,0,1,1,1,1,0.276300118,0.246032993,0.276295682,0.246029064,817.5150308,817.8884151
527.2715386,527.2715386,258.5233119,295.789425,1,0,0,1,1,1,1,0.246032993,0.214581414,0.246029064,0.214578002,1095.263724,1095.938244
527.2715386,527.2715386,295.789425,349.0928852,1,0,0,1,1,1,1,0.214581414,0.18152409,0.214578002,0.181521212,1563.149189,1564.085333
527.2715386,527.2715386,349.0928852,432.8923884,1,0,0,1,1,1,1,0.18152409,0.146227252,0.181521212,0.146224939,2459.670535,2460.832587
527.2715386,527.2715386,432.8923884,587.9993353,1,0,0,1,1,1,1,0.146227252,0.107605748,0.146224939,0.107605673,4608.34093,4609.494
527.2715386,527.2715386,587.9993353,1000,1,0,0,1,1,1,1,0.107605748,0.063292083,0.107605673,0.063291594,12939.98447,12940.3273
633.3103986,633.3103986,99.44399793,102.9674282,1,0,0,1,1,1,1,0.896259045,0.848615808,0.896239103,0.848597771,134.1329719,132.4404877
633.3103986,633.3103986,102.9674282,106.7832191,1,0,0,1,1,1,1,0.848615808,0.804060616,0.848597771,0.80404419,140.2482186,137.725971
633.3103986,633.3103986,106.7832191,110.9332642,1,0,0,1,1,1,1,0.804060616,0.761983725,0.80404419,0.761968689,147.9112927,145.0392207
633.3103986,633.3103986,110.9332642,115.4681569,1,0,0,1,1,1,1,0.761983725,0.721908029,0.761968689,0.721894211,157.3004102,154.3312475
633.3103986,633.3103986,115.4681569,120.4496183,1,0,0,1,1,1,1,0.721908029,0.68344885,0.721894211,0.683436115,168.6860496,165.7648578
633.3103986,633.3103986,120.4496183,125.9537946,1,0,0,1,1,1,1,0.68344885,0.646287188,0.683436115,0.64627543,182.449087,179.6656858
633.3103986,633.3103986,125.9537946,132.0758175,1,0,0,1,1,1,1,0.646287188,0.610151127,0.64627543,0.610140259,199.1131044,196.5274528
633.3103986,633.3103986,132.0758175,138.9362327,1,0,0,1,1,1,1,0.610151127,0.5748023,0.610140259,0.574792253,219.3959972,217.0513962
633.3103986,633.3103986,138.9362327,146.6902676,1,0,0,1,1,1,1,0.5748023,0.540025538,0.574792253,0.540016257,244.2907602,242.2209978
633.3103986,633.3103986,146.6902676,155.541526,1,0,0,1,1,1,1,0.540025538,0.505620432,0.540016257,0.50561187,275.1932529,273.4264932
633.3103986,633.3103986,155.541526,165.7628218,1,0,0,1,1,1,1,0.505620432,0.471393882,0.50561187,0.471386004,314.1092762,312.6700826
633.3103986,633.3103986,165.7628218,177.7289481,1,0,0,1,1,1,1,0.471393882,0.437152867,0.471386004,0.437145646,364.0017317,362.9119112
633.3103986,633.3103986,177.7289481,191.9702921,1,0,0,1,1,1,1,0.437152867,0.402696593,0.437145646,0.402690008,429.3976162,428.676127
633.3103986,633.3103986,191.9702921,209.264784,1,0,0,1,1,1,1,0.402696593,0.367806957,0.402690008,0.367800995,517.5050745,517.1668465
633.3103986,633.3103986,209.264784,230.8048858,1,0,0,1,1,1,1,0.367806957,0.332235678,0.367800995,0.332230332,640.4023296,640.4554009
633.3103986,633.3103986,230.8048858,258.5233119,1,0,0,1,1,1,1,0.332235678,0.295685125,0.332230332,0.295680398,819.6782187,820.1182862
633.3103986,633.3103986,258.5233119,295.789425,1,0,0,1,1,1,1,0.295685125,0.257776949,0.295680398,0.257772849,1097.327267,1098.129963
633.3103986,633.3103986,295.789425,349.0928852,1,0,0,1,1,1,1,0.257776949,0.217995217,0.257772849,0.217991762,1565.138768,1566.257039
633.3103986,633.3103986,349.0928852,432.8923884,1,0,0,1,1,1,1,0.217995217,0.175569331,0.217991762,0.175566556,2461.623115,2463.003513
633.3103986,633.3103986,432.8923884,587.9993353,1,0,0,1,1,1,1,0.175569331,0.129186632,0.175566556,0.129186933,4610.331546,4611.683133
633.3103986,633.3103986,587.9993353,1000,1,0,0,1,1,1,1,0.129186632,0.07599054,0.129186933,0.075990076,12942.07718,12942.53544
745.2633258,745.2633258,99.44399793,102.9674282,1,0,0,1,1,1,1,1.094372071,1.029955093,1.094345491,1.029931583,143.1952653,142.8162513
745.2633258,745.2633258,102.9674282,106.7832191,1,0,0,1,1,1,1,1.029955093,0.971084718,1.029931583,0.971063684,148.0054751,145.7854974
745.2633258,745.2633258,106.7832191,110.9332642,1,0,0,1,1,1,1,0.971084718,0.916513079,0.971063684,0.916494097,154.6747115,151.6678622
745.2633258,745.2633258,110.9332642,115.4681569,1,0,0,1,1,1,1,0.916513079,0.865327296,0.916494097,0.865310055,163.2825164,159.9838084
745.2633258,745.2633258,115.4681569,120.4496183,1,0,0,1,1,1,1,0.865327296,0.81683229,0.865310055,0.816816556,174.0377702,170.7063011
745.2633258,745.2633258,120.4496183,125.9537946,1,0,0,1,1,1,1,0.81683229,0.770479934,0.816816556,0.770465526,187.281068,184.0650391
745.2633258,745.2633258,125.9537946,132.0758175,1,0,0,1,1,1,1,0.770479934,0.725823759,0.770465526,0.725810535,203.5086509,200.499959
745.2633258,745.2633258,132.0758175,138.9362327,1,0,0,1,1,1,1,0.725823759,0.682488491,0.725810535,0.68247634,223.4192913,220.679853
745.2633258,745.2633258,138.9362327,146.6902676,1,0,0,1,1,1,1,0.682488491,0.640148492,0.68247634,0.640137323,247.9922909,245.5675745
745.2633258,745.2633258,146.6902676,155.541526,1,0,0,1,1,1,1,0.640148492,0.598511585,0.640137323,0.598501328,278.613538,276.5396995
745.2633258,745.2633258,155.541526,165.7628218,1,0,0,1,1,1,1,0.598511585,0.557306032,0.598501328,0.55729663,317.2815111,315.5890791
745.2633258,745.2633258,165.7628218,177.7289481,1,0,0,1,1,1,1,0.557306032,0.516269027,0.55729663,0.516260437,366.9537605,365.6692934
745.2633258,745.2633258,177.7289481,191.9702921,1,0,0,1,1,1,1,0.516269027,0.475135319,0.516260437,0.475127508,432.1534857,431.2998102
745.2633258,745.2633258,191.9702921,209.264784,1,0,0,1,1,1,1,0.475135319,0.433624427,0.475127508,0.433617372,520.08637,519.6814197
745.2633258,745.2633258,209.264784,230.8048858,1,0,0,1,1,1,1,0.433624427,0.391424315,0.433617372,0.391418003,642.8294699,642.8831773
745.2633258,745.2633258,230.8048858,258.5233119,1,0,0,1,1,1,1,0.391424315,0.348167926,0.391418003,0.348162353,821.9719262,822.4801984
745.2633258,745.2633258,258.5233119,295.789425,1,0,0,1,1,1,1,0.348167926,0.303395523,0.348162353,0.303390695,1099.510559,1100.446406
745.2633258,745.2633258,295.789425,349.0928852,1,0,0,1,1,1,1,0.303395523,0.256487102,0.303390695,0.256483039,1567.240172,1568.548703
745.2633258,745.2633258,349.0928852,432.8923884,1,0,0,1,1,1,1,0.256487102,0.206523883,0.256483039,0.206520622,2463.682841,2465.292005
745.2633258,745.2633258,432.8923884,587.9993353,1,0,0,1,1,1,1,0.206523883,0.151949498,0.206520622,0.151950337,4612.429883,4613.989685
745.2633258,745.2633258,587.9993353,1000,1,0,0,1,1,1,1,0.151949498,0.089386308,0.151950337,0.089385915,12944.28307,12944.86224
863.7012854,863.7012854,102.9674282,106.7832191,1,0,0,1,1,1,1,1.237488739,1.159398637,1.237457942,1.159371727,157.77962,156.5720102
863.7012854,863.7012854,106.7832191,110.9332642,1,0,0,1,1,1,1,1.159398637,1.088724486,1.159371727,1.088700642,162.9043182,160.0450712
863.7012854,863.7012854,110.9332642,115.4681569,1,0,0,1,1,1,1,1.088724486,1.023680519,1.088700642,1.023659174,170.3679898,166.8527482
863.7012854,863.7012854,115.4681569,120.4496183,1,0,0,1,1,1,1,1.023680519,0.962996655,1.023659174,0.962977403,180.2432142,176.5411486
863.7012854,863.7012854,120.4496183,125.9537946,1,0,0,1,1,1,1,0.962996655,0.905726775,0.962977403,0.905709315,192.7889509,189.1467635
863.7012854,863.7012854,125.9537946,132.0758175,1,0,0,1,1,1,1,0.905726775,0.851137375,0.905709315,0.851121478,208.4498065,205.0095523
863.7012854,863.7012854,132.0758175,138.9362327,1,0,0,1,1,1,1,0.851137375,0.798638608,0.851121478,0.798624099,227.8904583,224.7414084
863.7012854,863.7012854,138.9362327,146.6902676,1,0,0,1,1,1,1,0.798638608,0.747739064,0.798624099,0.747725805,252.0669169,249.2705801
863.7012854,863.7012854,146.6902676,155.541526,1,0,0,1,1,1,1,0.747739064,0.698014327,0.747725805,0.698002209,282.3487404,279.9515358
863.7012854,863.7012854,155.541526,165.7628218,1,0,0,1,1,1,1,0.698014327,0.649083629,0.698002209,0.649072569,320.7227553,318.7624392
863.7012854,863.7012854,165.7628218,177.7289481,1,0,0,1,1,1,1,0.649083629,0.600590995,0.649072569,0.600580925,370.1381453,368.646801
863.7012854,863.7012854,177.7289481,191.9702921,1,0,0,1,1,1,1,0.600590995,0.552188241,0.600580925,0.552179112,435.11218,434.1170311
863.7012854,863.7012854,191.9702921,209.264784,1,0,0,1,1,1,1,0.552188241,0.503517478,0.552179112,0.503509254,522.8465584,522.3689345
863.7012854,863.7012854,209.264784,230.8048858,1,0,0,1,1,1,1,0.503517478,0.454190243,0.503509254,0.454182901,645.4160925,645.4681098
863.7012854,863.7012854,230.8048858,258.5233119,1,0,0,1,1,1,1,0.454190243,0.403758847,0.454182901,0.403752376,824.409495,824.9874445
863.7012854,863.7012854,258.5233119,295.789425,1,0,0,1,1,1,1,0.403758847,0.351671589,0.403752376,0.351665991,1101.825456,1102.899724
863.7012854,863.7012854,295.789425,349.0928852,1,0,0,1,1,1,1,0.351671589,0.297193449,0.351665991,0.297188744,1569.464197,1570.971742
863.7012854,863.7012854,349.0928852,432.8923884,1,0,0,1,1,1,1,0.297193449,0.239244564,0.297188744,0.239240789,2465.859873,2467.709093
863.7012854,863.7012854,432.8923884,587.9993353,1,0,0,1,1,1,1,0.239244564,0.176006742,0.239240789,0.176008305,4614.646058,4616.424606
863.7012854,863.7012854,587.9993353,1000,1,0,0,1,1,1,1,0.176006742,0.103545855,0.176008305,0.103545587,12946.61278,12947.31879
989.2740905,989.2740905,106.7832191,110.9332642,1,0,0,1,1,1,1,1.374833602,1.282723386,1.374798914,1.282693388,173.2206253,171.0205542
989.2740905,989.2740905,110.9332642,115.4681569,1,0,0,1,1,1,1,1.282723386,1.199981674,1.282693388,1.199955308,178.9402479,175.4034746
989.2740905,989.2740905,115.4681569,120.4496183,1,0,0,1,1,1,1,1.199981674,1.124230415,1.199955308,1.124206972,187.551634,183.5496974
989.2740905,989.2740905,120.4496183,125.9537946,1,0,0,1,1,1,1,1.124230415,1.053814111,1.124206972,1.053793093,199.1416554,195.0912583
989.2740905,989.2740905,125.9537946,132.0758175,1,0,0,1,1,1,1,1.053814111,0.987518986,1.053793093,0.987500029,214.0551706,210.1783391
989.2740905,989.2740905,132.0758175,138.9362327,1,0,0,1,1,1,1,0.987518986,0.924414773,0.987500029,0.924397604,232.8953875,229.3221619
989.2740905,989.2740905,138.9362327,146.6902676,1,0,0,1,1,1,1,0.924414773,0.863758973,0.924397604,0.863743383,256.5785914,253.3928721
989.2740905,989.2740905,146.6902676,155.541526,1,0,0,1,1,1,1,0.863758973,0.804935075,0.863743383,0.804920905,286.447704,283.7093205
989.2740905,989.2740905,155.541526,165.7628218,1,0,0,1,1,1,1,0.804935075,0.747409988,0.804920905,0.747397113,324.4712008,322.2267972
989.2740905,989.2740905,165.7628218,177.7289481,1,0,0,1,1,1,1,0.747409988,0.690702327,0.747397113,0.690690652,373.5854157,371.8735626
989.2740905,989.2740905,177.7289481,191.9702921,1,0,0,1,1,1,1,0.690702327,0.634356283,0.690690652,0.634345733,438.2986177,437.1515648
989.2740905,989.2740905,191.9702921,209.264784,1,0,0,1,1,1,1,0.634356283,0.577917033,0.634345733,0.577907555,525.8063905,525.2493158
989.2740905,989.2740905,209.264784,230.8048858,1,0,0,1,1,1,1,0.577917033,0.520903671,0.577907555,0.520895229,648.1798202,648.227354
989.2740905,989.2740905,230.8048858,258.5233119,1,0,0,1,1,1,1,0.520903671,0.462774096,0.520895229,0.462766669,827.006194,827.6552112
989.2740905,989.2740905,258.5233119,295.789425,1,0,0,1,1,1,1,0.462774096,0.402871977,0.462766669,0.402865563,1104.285477,1105.503746
989.2740905,989.2740905,295.789425,349.0928852,1,0,0,1,1,1,1,0.402871977,0.3403345,0.402865563,0.340329114,1571.823124,1573.539118
989.2740905,989.2740905,349.0928852,432.8923884,1,0,0,1,1,1,1,0.3403345,0.273905977,0.340329114,0.273901659,2468.165751,2470.267281
989.2740905,989.2740905,432.8923884,587.9993353,1,0,0,1,1,1,1,0.273905977,0.201486058,0.273901659,0.201488563,4616.991552,4619.000307
989.2740905,989.2740905,587.9993353,1000,1,0,0,1,1,1,1,0.201486058,0.118544723,0.201488563,0.118544642,12949.07841,12949.9177
1122.724774,1122.724774,106.7832191,110.9332642,1,0,0,1,1,1,1,1.626217343,1.50429635,1.626171804,1.504258283,186.6881607,186.121544
1122.724774,1122.724774,110.9332642,115.4681569,1,0,0,1,1,1,1,1.50429635,1.398265073,1.504258283,1.398232413,189.5985988,186.3808062
1122.724774,1122.724774,115.4681569,120.4496183,1,0,0,1,1,1,1,1.398265073,1.303481519,1.398232413,1.303452998,196.3264734,192.1460284
1122.724774,1122.724774,120.4496183,125.9537946,1,0,0,1,1,1,1,1.303481519,1.21697747,1.303452998,1.216952251,206.5726694,202.1499044
1122.724774,1122.724774,125.9537946,132.0758175,1,0,0,1,1,1,1,1.21697747,1.136715377,1.216952251,1.13669288,220.4819481,216.169053
1122.724774,1122.724774,132.0758175,138.9362327,1,0,0,1,1,1,1,1.136715377,1.061215613,1.13669288,1.061195418,238.5442018,234.532925
1122.724774,1122.724774,138.9362327,146.6902676,1,0,0,1,1,1,1,1.061215613,0.989350643,1.061195418,0.98933244,261.6071624,258.0131414
1122.724774,1122.724774,146.6902676,155.541526,1,0,0,1,1,1,1,0.989350643,0.920222176,0.98933244,0.920205731,290.9701302,287.8709973
1122.724774,1122.724774,155.541526,165.7628218,1,0,0,1,1,1,1,0.920222176,0.853082462,0.920205731,0.853067595,328.5727446,326.0262269
1122.724774,1122.724774,165.7628218,177.7289481,1,0,0,1,1,1,1,0.853082462,0.787279904,0.853067595,0.787266479,377.3317679,375.3841283
1122.724774,1122.724774,177.7289481,191.9702921,1,0,0,1,1,1,1,0.787279904,0.722217801,0.787266479,0.722205714,441.7420301,440.4312934
1122.724774,1122.724774,191.9702921,209.264784,1,0,0,1,1,1,1,0.722217801,0.657318867,0.722205714,0.65730804,528.9900055,528.3457207
1122.724774,1122.724774,209.264784,230.8048858,1,0,0,1,1,1,1,0.657318867,0.591989378,0.65730804,0.591979758,651.1410209,651.1807086
1122.724774,1122.724774,230.8048858,258.5233119,1,0,0,1,1,1,1,0.591989378,0.525575759,0.591979758,0.525567313,829.7795828,830.5009317
1122.724774,1122.724774,258.5233119,295.789425,1,0,0,1,1,1,1,0.525575759,0.457301783,0.525567313,0.457294499,1106.90611,1108.274289
1122.724774,1122.724774,295.789425,349.0928852,1,0,0,1,1,1,1,0.457301783,0.386161821,0.457294499,0.386155712,1574.330982,1576.265616
1122.724774,1122.724774,349.0928852,432.8923884,1,0,0,1,1,1,1,0.386161821,0.310707438,0.386155712,0.310702545,2470.613632,2472.980811
1122.724774,1122.724774,432.8923884,587.9993353,1,0,0,1,1,1,1,0.310707438,0.228533188,0.310702545,0.228536889,4619.479442,4621.730916
1122.724774,1122.724774,587.9993353,1000,1,0,0,1,1,1,1,0.228533188,0.134469156,0.228536889,0.134469336,12951.69369,12952.67328
1264.90726,1264.90726,110.9332642,115.4681569,1,0,0,1,1,1,1,1.762049271,1.624127818,1.762000113,1.624087016,203.3444423,201.0625702
1264.90726,1264.90726,115.4681569,120.4496183,1,0,0,1,1,1,1,1.624127818,1.504643621,1.624087016,1.504608807,207.1223106,202.9706606
1264.90726,1264.90726,120.4496183,125.9537946,1,0,0,1,1,1,1,1.504643621,1.398065709,1.504608807,1.398035448,215.415276,210.6844135
1264.90726,1264.90726,125.9537946,132.0758175,1,0,0,1,1,1,1,1.398065709,1.300894295,1.398035448,1.300867653,227.9434658,223.2036821
1264.90726,1264.90726,132.0758175,138.9362327,1,0,0,1,1,1,1,1.300894295,1.210742652,1.300867653,1.210718984,244.9806069,240.5188256
1264.90726,1264.90726,138.9362327,146.6902676,1,0,0,1,1,1,1,1.210742652,1.125883211,1.210718984,1.125862055,267.2536904,263.2312373
1264.90726,1264.90726,146.6902676,155.541526,1,0,0,1,1,1,1,1.125883211,1.044999313,1.125862055,1.044980329,295.989786,292.508286
1264.90726,1264.90726,155.541526,165.7628218,1,0,0,1,1,1,1,1.044999313,0.967037684,1.044980329,0.967020619,333.0830338,330.2142216
1264.90726,1264.90726,165.7628218,177.7289481,1,0,0,1,1,1,1,0.967037684,0.891113616,0.967020619,0.891098277,381.4204413,379.2197862
1264.90726,1264.90726,177.7289481,191.9702921,1,0,0,1,1,1,1,0.891113616,0.816444341,0.891098277,0.816430584,445.4769329,443.9891292
1264.90726,1264.90726,191.9702921,209.264784,1,0,0,1,1,1,1,0.816444341,0.742296449,0.816430584,0.742284167,532.4256515,531.6852208
1264.90726,1264.90726,209.264784,230.8048858,1,0,0,1,1,1,1,0.742296449,0.6679373,0.742284167,0.667926415,654.3233645,654.3511463
1264.90726,1264.90726,230.8048858,258.5233119,1,0,0,1,1,1,1,0.6679373,0.592580568,0.667926415,0.592571031,832.7499597,833.5447199
1264.90726,1264.90726,258.5233119,295.789425,1,0,0,1,1,1,1,0.592580568,0.515311598,0.592571031,0.515303388,1109.70519,1111.229524
1264.90726,1264.90726,295.789425,349.0928852,1,0,0,1,1,1,1,0.515311598,0.434964188,0.515303388,0.43495731,1577.003882,1579.168178
1264.90726,1264.90726,349.0928852,432.8923884,1,0,0,1,1,1,1,0.434964188,0.349877602,0.43495731,0.349872098,2473.218594,2475.865979
1264.90726,1264.90726,432.8923884,587.9993353,1,0,0,1,1,1,1,0.349877602,0.257315296,0.349872098,0.257320492,4622.124703,4624.632596
1264.90726,1264.90726,587.9993353,1000,1,0,0,1,1,1,1,0.257315296,0.151418112,0.257320492,0.15141864,12954.47439,12955.60196
1416.80827,1416.80827,110.9332642,115.4681569,1,0,0,1,1,1,1,2.069785914,1.885708942,2.06972042,1.885657156,222.0113089,221.8600248
1416.80827,1416.80827,115.4681569,120.4496183,1,0,0,1,1,1,1,1.885708942,1.733022224,1.885657156,1.732979393,220.8361517,217.0746887
1416.80827,1416.80827,120.4496183,125.9537946,1,0,0,1,1,1,1,1.733022224,1.600789095,1.732979393,1.600752668,226.1643007,221.2361115
1416.80827,1416.80827,125.9537946,132.0758175,1,0,0,1,1,1,1,1.600789095,1.482789072,1.600752668,1.48275751,236.7373514,231.5934972
1416.80827,1416.80827,132.0758175,138.9362327,1,0,0,1,1,1,1,1.482789072,1.37509135,1.48275751,1.375063652,252.3959719,247.4737877
1416.80827,1416.80827,138.9362327,146.6902676,1,0,0,1,1,1,1,1.37509135,1.275013713,1.375063652,1.274989191,273.6480565,269.1757904
1416.80827,1416.80827,146.6902676,155.541526,1,0,0,1,1,1,1,1.275013713,1.180608963,1.274989191,1.180587129,301.5989134,297.7110148
1416.80827,1416.80827,155.541526,165.7628218,1,0,0,1,1,1,1,1.180608963,1.090383882,1.180587129,1.090364377,338.0701931,334.8563321
1416.80827,1416.80827,165.7628218,177.7289481,1,0,0,1,1,1,1,1.090383882,1.003131298,1.090364377,1.003113855,385.9035087,383.430275
1416.80827,1416.80827,177.7289481,191.9702921,1,0,0,1,1,1,1,1.003131298,0.917820419,1.003113855,0.917804842,449.544371,447.8641953
1416.80827,1416.80827,191.9702921,209.264784,1,0,0,1,1,1,1,0.917820419,0.833516977,0.917804842,0.833503116,536.1465947,535.2996641
1416.80827,1416.80827,209.264784,230.8048858,1,0,0,1,1,1,1,0.833516977,0.749315696,0.833503116,0.749303448,657.7545203,657.7654775
1416.80827,1416.80827,230.8048858,258.5233119,1,0,0,1,1,1,1,0.749315696,0.664270776,0.749303448,0.66426007,835.9409208,836.8099096
1416.80827,1416.80827,258.5233119,295.789425,1,0,0,1,1,1,1,0.664270776,0.577306471,0.66426007,0.577297271,1112.703361,1114.390445
1416.80827,1416.80827,295.789425,349.0928852,1,0,0,1,1,1,1,0.577306471,0.487074856,0.577297271,0.487067158,1579.860413,1582.266322
1416.80827,1416.80827,349.0928852,432.8923884,1,0,0,1,1,1,1,0.487074856,0.39168017,0.487067158,0.391674015,2475.998004,2478.941531
1416.80827,1416.80827,432.8923884,587.9993353,1,0,0,1,1,1,1,0.39168017,0.288025135,0.391674015,0.288032175,4624.944566,4627.723925
1416.80827,1416.80827,587.9993353,1000,1,0,0,1,1,1,1,0.288025135,0.169505737,0.288032175,0.169506717,12957.43866,12958.72262
1579.574688,1579.574688,115.4681569,120.4496183,1,0,0,1,1,1,1,2.195631707,1.996141124,2.195564206,1.99608771,239.036282,236.3247674
1579.574688,1579.574688,120.4496183,125.9537946,1,0,0,1,1,1,1,1.996141124,1.830109695,1.99608771,1.830065542,239.5915922,234.6561229
1579.574688,1579.574688,125.9537946,132.0758175,1,0,0,1,1,1,1,1.830109695,1.685911272,1.830065542,1.68587377,247.2929029,241.7896315
1579.574688,1579.574688,132.0758175,138.9362327,1,0,0,1,1,1,1,1.685911272,1.55687856,1.68587377,1.556846128,261.0512047,255.6630496
1579.574688,1579.574688,138.9362327,146.6902676,1,0,0,1,1,1,1,1.55687856,1.438769766,1.556846128,1.438741373,280.960097,276.0153751
1579.574688,1579.574688,146.6902676,155.541526,1,0,0,1,1,1,1,1.438769766,1.328669668,1.438741373,1.328644609,307.9143973,303.5931806
1579.574688,1579.574688,155.541526,165.7628218,1,0,0,1,1,1,1,1.328669668,1.224442702,1.328644609,1.224420472,343.6185092,340.0337327
1579.574688,1579.574688,165.7628218,177.7289481,1,0,0,1,1,1,1,1.224442702,1.124430587,1.224420472,1.124410821,390.8442356,388.0760391
1579.574688,1579.574688,177.7289481,191.9702921,1,0,0,1,1,1,1,1.124430587,1.027268595,1.124410821,1.027251023,453.9935252,452.1033504
1579.574688,1579.574688,191.9702921,209.264784,1,0,0,1,1,1,1,1.027268595,0.93176156,1.027251023,0.931745985,540.1922797,539.2267704
1579.574688,1579.574688,209.264784,230.8048858,1,0,0,1,1,1,1,0.93176156,0.83678766,0.931745985,0.836773937,661.4670372,661.455186
1579.574688,1579.574688,230.8048858,258.5233119,1,0,0,1,1,1,1,0.83678766,0.741207759,0.836773937,0.741195794,839.3800587,840.3237286
1579.574688,1579.574688,258.5233119,295.789425,1,0,0,1,1,1,1,0.741207759,0.643757091,0.741195794,0.643746828,1115.924658,1117.781437
1579.574688,1579.574688,295.789425,349.0928852,1,0,0,1,1,1,1,0.643757091,0.542880632,0.643746828,0.542872058,1582.922153,1585.582652
1579.574688,1579.574688,349.0928852,432.8923884,1,0,0,1,1,1,1,0.542880632,0.436421009,0.542872058,0.436414158,2478.971976,2482.229142
1579.574688,1579.574688,432.8923884,587.9993353,1,0,0,1,1,1,1,0.436421009,0.320886236,0.436414158,0.320895536,4627.958968,4631.026381
1579.574688,1579.574688,587.9993353,1000,1,0,0,1,1,1,1,0.320886236,0.188864464,0.320895536,0.188866017,12960.60749,12962.05709
1754.548087,1754.548087,115.4681569,120.4496183,1,0,0,1,1,1,1,2.575405408,2.305251363,2.575313331,2.305183279,264.7839541,264.4286006
1754.548087,1754.548087,120.4496183,125.9537946,1,0,0,1,1,1,1,2.305251363,2.092887153,2.305183279,2.092833026,256.9806628,252.3712157
1754.548087,1754.548087,125.9537946,132.0758175,1,0,0,1,1,1,1,2.092887153,1.91487405,2.092833026,1.91482923,260.2550851,254.4729538
1754.548087,1754.548087,132.0758175,138.9362327,1,0,0,1,1,1,1,1.91487405,1.759425256,1.91482923,1.759387183,271.3119834,265.4594685
1754.548087,1754.548087,138.9362327,146.6902676,1,0,0,1,1,1,1,1.759425256,1.619663304,1.759387183,1.619630411,289.4163189,283.9752746
1754.548087,1754.548087,146.6902676,155.541526,1,0,0,1,1,1,1,1.619663304,1.491152546,1.619630411,1.491123806,315.0865519,310.3015854
1754.548087,1754.548087,155.541526,165.7628218,1,0,0,1,1,1,1,1.491152546,1.370803981,1.491123806,1.370778689,349.8334804,345.8481065
1754.548087,1754.548087,165.7628218,177.7289481,1,0,0,1,1,1,1,1.370803981,1.25632008,1.370778689,1.256297732,396.320221,393.2312313
1754.548087,1754.548087,177.7289481,191.9702921,1,0,0,1,1,1,1,1.25632008,1.145881546,1.256297732,1.145861779,458.8838101,456.7631753
1754.548087,1754.548087,191.9702921,209.264784,1,0,0,1,1,1,1,1.145881546,1.0379509,1.145861779,1.037933451,544.6098199,543.5115395
1754.548087,1754.548087,209.264784,230.8048858,1,0,0,1,1,1,1,1.0379509,0.931132018,1.037933451,0.931116696,665.4994641,665.4574911
1754.548087,1754.548087,230.8048858,258.5233119,1,0,0,1,1,1,1,0.931132018,0.824049173,0.931116696,0.824035848,843.099848,844.1181492
1754.548087,1754.548087,258.5233119,295.789425,1,0,0,1,1,1,1,0.824049173,0.715213863,0.824035848,0.715202457,1119.397241,1121.430997
1754.548087,1754.548087,295.789425,349.0928852,1,0,0,1,1,1,1,0.715213863,0.602833279,0.715202457,0.602823764,1586.214298,1589.143506
1754.548087,1754.548087,349.0928852,432.8923884,1,0,0,1,1,1,1,0.602833279,0.484457095,0.602823764,0.4844495,2482.16395,2485.754024
1754.548087,1754.548087,432.8923884,587.9993353,1,0,0,1,1,1,1,0.484457095,0.35615944,0.4844495,0.356171491,4631.19112,4634.564937
1754.548087,1754.548087,587.9993353,1000,1,0,0,1,1,1,1,0.35615944,0.209648894,0.356171491,0.209651167,12964.00533,12965.63079
1943.308678,1943.308678,115.4681569,120.4496183,1,0,0,1,1,1,1,3.067679222,2.678471449,3.067542375,2.678381562,305.1709691,310.1519913
1943.308678,1943.308678,120.4496183,125.9537946,1,0,0,1,1,1,1,2.678471449,2.399016362,2.678381562,2.398948841,280.6592774,276.9905789
1943.308678,1943.308678,125.9537946,132.0758175,1,0,0,1,1,1,1,2.399016362,2.175904055,2.398948841,2.175849992,276.6436527,270.7246951
1943.308678,1943.308678,132.0758175,138.9362327,1,0,0,1,1,1,1,2.175904055,1.987025734,2.175849992,1.986980822,283.7079633,277.4045989
1943.308678,1943.308678,138.9362327,146.6902676,1,0,0,1,1,1,1,1.987025734,1.820850118,1.986980822,1.820811927,299.3257206,293.3633996
1943.308678,1943.308678,146.6902676,155.541526,1,0,0,1,1,1,1,1.820850118,1.670485104,1.820811927,1.670452125,323.3118941,318.0283961
1943.308678,1943.308678,155.541526,165.7628218,1,0,0,1,1,1,1,1.670485104,1.531398402,1.670452125,1.53136964,356.8488421,352.4284436
1943.308678,1943.308678,165.7628218,177.7289481,1,0,0,1,1,1,1,1.531398402,1.400373092,1.53136964,1.400347859,402.4276315,398.9877593
1943.308678,1943.308678,177.7289481,191.9702921,1,0,0,1,1,1,1,1.400373092,1.274963539,1.400347859,1.274941346,464.2876384,461.9125922
1943.308678,1943.308678,191.9702921,209.264784,1,0,0,1,1,1,1,1.274963539,1.153178239,1.274941346,1.153158736,549.4559332,548.2080764
1943.308678,1943.308678,209.264784,230.8048858,1,0,0,1,1,1,1,1.153178239,1.033270042,1.153158736,1.033252977,669.8977896,669.8167094
1943.308678,1943.308678,230.8048858,258.5233119,1,0,0,1,1,1,1,1.033270042,0.913570823,1.033252977,0.913556025,847.1387735,848.2309697
1943.308678,1943.308678,258.5233119,295.789425,1,0,0,1,1,1,1,0.913570823,0.792324816,0.913556025,0.792312176,1123.154318,1125.372652
1943.308678,1943.308678,295.789425,349.0928852,1,0,0,1,1,1,1,0.792324816,0.667463998,0.792312176,0.667453471,1589.766462,1592.979766
1943.308678,1943.308678,349.0928852,432.8923884,1,0,0,1,1,1,1,0.667463998,0.53620787,0.667453471,0.536199476,2485.601411,2489.545693
1943.308678,1943.308678,432.8923884,587.9993353,1,0,0,1,1,1,1,0.53620787,0.394151175,0.536199476,0.394166567,4634.668215,4638.368818
1943.308678,1943.308678,587.9993353,1000,1,0,0,1,1,1,1,0.394151175,0.232040744,0.394166567,0.232043911,12967.66086,12969.47349
2147.731901,2147.731901,120.4496183,125.9537946,1,0,0,1,1,1,1,3.148409751,2.763602569,3.148283716,2.763516073,315.4148913,313.928802
2147.731901,2147.731901,125.9537946,132.0758175,1,0,0,1,1,1,1,2.763602569,2.477692439,2.763516073,2.47762633,298.1811996,292.3790583
2147.731901,2147.731901,132.0758175,138.9362327,1,0,0,1,1,1,1,2.477692439,2.245357003,2.47762633,2.245303628,299.0374431,292.316821
2147.731901,2147.731901,138.9362327,146.6902676,1,0,0,1,1,1,1,2.245357003,2.046358674,2.245303628,2.046314153,311.1209963,304.6116891
2147.731901,2147.731901,146.6902676,155.541526,1,0,0,1,1,1,1,2.046358674,1.869694466,2.046314153,1.869656552,332.8521274,327.0298251
2147.731901,2147.731901,155.541526,165.7628218,1,0,0,1,1,1,1,1.869694466,1.708595186,1.869656552,1.708562461,364.8364954,359.9406548
2147.731901,2147.731901,165.7628218,177.7289481,1,0,0,1,1,1,1,1.708595186,1.558498741,1.708562461,1.55847026,409.2869803,405.4608083
2147.731901,2147.731901,177.7289481,191.9702921,1,0,0,1,1,1,1,1.558498741,1.416084659,1.55847026,1.416059765,470.2941045,467.6363503
2147.731901,2147.731901,191.9702921,209.264784,1,0,0,1,1,1,1,1.416084659,1.278752143,1.416059765,1.278730374,554.7994791,553.3819807
2147.731901,2147.731901,209.264784,230.8048858,1,0,0,1,1,1,1,1.278752143,1.14429994,1.278730374,1.144280969,674.7173085,674.5860166
2147.731901,2147.731901,230.8048858,258.5233119,1,0,0,1,1,1,1,1.14429994,1.010694808,1.144280969,1.010678407,851.5427836,852.7072036
2147.731901,2147.731901,258.5233119,295.789425,1,0,0,1,1,1,1,1.010694808,0.875858599,1.010678407,0.875844624,1127.235338,1129.646114
2147.731901,2147.731901,295.789425,349.0928852,1,0,0,1,1,1,1,0.875858599,0.737402014,0.875844624,0.737390393,1593.613698,1597.127897
2147.731901,2147.731901,349.0928852,432.8923884,1,0,0,1,1,1,1,0.737402014,0.592169796,0.737390393,0.59216054,2489.316825,2493.63894
2147.731901,2147.731901,432.8923884,587.9993353,1,0,0,1,1,1,1,0.592169796,0.43522408,0.59216054,0.435243519,4638.422339,4642.472465
2147.731901,2147.731901,587.9993353,1000,1,0,0,1,1,1,1,0.43522408,0.256255177,0.435243519,0.256259452,12971.60792,12973.62033
2370.062103,2370.062103,120.4496183,125.9537946,1,0,0,1,1,1,1,3.785893587,3.211609001,3.785694382,3.21149346,373.3292082,376.9936557
2370.062103,2370.062103,125.9537946,132.0758175,1,0,0,1,1,1,1,3.211609001,2.832898291,3.21149346,2.832815826,328.0502808,322.8393097
2370.062103,2370.062103,132.0758175,138.9362327,1,0,0,1,1,1,1,2.832898291,2.542124871,2.832815826,2.542060757,318.5641537,311.4950071
2370.062103,2370.062103,138.9362327,146.6902676,1,0,0,1,1,1,1,2.542124871,2.301426533,2.542060757,2.301374322,325.4267562,318.3447689
2370.062103,2370.062103,146.6902676,155.541526,1,0,0,1,1,1,1,2.301426533,2.092608631,2.301374322,2.092564899,344.0630268,337.6545912
2370.062103,2370.062103,155.541526,165.7628218,1,0,0,1,1,1,1,2.092608631,1.905335445,2.092564899,1.905298151,374.0207755,368.6013958
2370.062103,2370.062103,165.7628218,177.7289481,1,0,0,1,1,1,1,1.905335445,1.733037169,1.905298151,1.733005004,417.0511135,412.7964767
2370.062103,2370.062103,177.7289481,191.9702921,1,0,0,1,1,1,1,1.733037169,1.571152576,1.733005004,1.571124659,477.0139443,474.0397201
2370.062103,2370.062103,191.9702921,209.264784,1,0,0,1,1,1,1,1.571152576,1.416252671,1.571124659,1.416228392,560.7248178,559.1135068
2370.062103,2370.062103,209.264784,230.8048858,1,0,0,1,1,1,1,1.416252671,1.265541927,1.416228392,1.265520858,680.0250667,679.8297508
2370.062103,2370.062103,230.8048858,258.5233119,1,0,0,1,1,1,1,1.265541927,1.11652617,1.265520858,1.116508016,856.3671811,857.600882
2370.062103,2370.062103,258.5233119,295.789425,1,0,0,1,1,1,1,1.11652617,0.966734365,1.116508016,0.966718935,1131.687533,1134.298797
2370.062103,2370.062103,295.789425,349.0928852,1,0,0,1,1,1,1,0.966734365,0.813398681,0.966718935,0.813385875,1597.797824,1601.631281
2370.062103,2370.062103,349.0928852,432.8923884,1,0,0,1,1,1,1,0.813398681,0.652935231,0.813385875,0.652925042,2493.348828,2498.075087
2370.062103,2370.062103,432.8923884,587.9993353,1,0,0,1,1,1,1,0.652935231,0.479810775,0.652925042,0.479835119,4642.491647,4646.916774
2370.062103,2370.062103,587.9993353,1000,1,0,0,1,1,1,1,0.479810775,0.282549039,0.479835119,0.28255468,12975.88679,12978.11306
2613.009735,2613.009735,125.9537946,132.0758175,1,0,0,1,1,1,1,3.789525283,3.261018231,3.789359499,3.26091231,372.9455604,369.2973889
2613.009735,2613.009735,132.0758175,138.9362327,1,0,0,1,1,1,1,3.261018231,2.888129058,3.26091231,2.888050886,344.416632,337.132901
2613.009735,2613.009735,138.9362327,146.6902676,1,0,0,1,1,1,1,2.888129058,2.593008893,2.888050886,2.59294715,343.1772896,335.4987696
2613.009735,2613.009735,146.6902676,155.541526,1,0,0,1,1,1,1,2.593008893,2.344144944,2.59294715,2.344094254,357.439496,350.3884152
2613.009735,2613.009735,155.541526,165.7628218,1,0,0,1,1,1,1,2.344144944,2.125317117,2.344094254,2.125274497,384.6992833,378.6982884
2613.009735,2613.009735,165.7628218,177.7289481,1,0,0,1,1,1,1,2.125317117,1.926888909,2.125274497,1.92685253,425.9163795,421.1824663
2613.009735,2613.009735,177.7289481,191.9702921,1,0,0,1,1,1,1,1.926888909,1.742508789,1.92685253,1.742477464,484.5862834,481.2548797
2613.009735,2613.009735,191.9702921,209.264784,1,0,0,1,1,1,1,1.742508789,1.56760608,1.742477464,1.567579002,567.3363018,565.5017856
2613.009735,2613.009735,209.264784,230.8048858,1,0,0,1,1,1,1,1.56760608,1.398597833,1.567579002,1.398574446,685.9030956,685.6264536
2613.009735,2613.009735,230.8048858,258.5233119,1,0,0,1,1,1,1,1.398597833,1.2324012,1.398574446,1.232381122,861.6791079,862.9774145
2613.009735,2613.009735,258.5233119,295.789425,1,0,0,1,1,1,1,1.2324012,1.066061067,1.232381122,1.066044048,1136.567934,1139.387767
2613.009735,2613.009735,295.789425,349.0928852,1,0,0,1,1,1,1,1.066061067,0.896359161,1.066044048,0.896345064,1602.369143,1606.541953
2613.009735,2613.009735,349.0928852,432.8923884,1,0,0,1,1,1,1,0.896359161,0.719217213,0.896345064,0.719206011,2497.743792,2502.903613
2613.009735,2613.009735,432.8923884,587.9993353,1,0,0,1,1,1,1,0.719217213,0.52843195,0.719206011,0.528462246,4646.921886,4651.750712
2613.009735,2613.009735,587.9993353,1000,1,0,0,1,1,1,1,0.52843195,0.311231667,0.528462246,0.311238992,12980.5458,12983.00175
2879.881374,2879.881374,125.9537946,132.0758175,1,0,0,1,1,1,1,4.603420483,3.794448374,4.603145826,3.794306102,450.2597262,450.5406682
2879.881374,2879.881374,132.0758175,138.9362327,1,0,0,1,1,1,1,3.794448374,3.299111846,3.794306102,3.299014532,380.4815307,373.2493487
2879.881374,2879.881374,138.9362327,146.6902676,1,0,0,1,1,1,1,3.299111846,2.930571207,3.299014532,2.930497357,365.8295081,357.5370616
2879.881374,2879.881374,146.6902676,155.541526,1,0,0,1,1,1,1,2.930571207,2.630732423,2.930497357,2.630673277,373.6875906,365.9254246
2879.881374,2879.881374,155.541526,165.7628218,1,0,0,1,1,1,1,2.630732423,2.373255796,2.630673277,2.373206891,397.2737503,390.6199723
2879.881374,2879.881374,165.7628218,177.7289481,1,0,0,1,1,1,1,2.373255796,2.143693271,2.373206891,2.143652027,436.1384155,430.8632203
2879.881374,2879.881374,177.7289481,191.9702921,1,0,0,1,1,1,1,2.143693271,1.933059507,2.143652027,1.933024308,493.1879041,489.4496924
2879.881374,2879.881374,191.9702921,209.264784,1,0,0,1,1,1,1,1.933059507,1.73518554,1.933024308,1.735155319,574.7643392,572.6705214
2879.881374,2879.881374,209.264784,230.8048858,1,0,0,1,1,1,1,1.73518554,1.545431029,1.735155319,1.545405063,692.4527354,692.0729272
2879.881374,2879.881374,230.8048858,258.5233119,1,0,0,1,1,1,1,1.545431029,1.359951986,1.545405063,1.359929782,867.5608478,868.9167191
2879.881374,2879.881374,258.5233119,295.789425,1,0,0,1,1,1,1,1.359951986,1.175189857,1.359929782,1.175171092,1141.946047,1144.982345
2879.881374,2879.881374,295.789425,349.0928852,1,0,0,1,1,1,1,1.175189857,0.987384592,1.175171092,0.987369083,1607.38873,1611.922892
2879.881374,2879.881374,349.0928852,432.8923884,1,0,0,1,1,1,1,0.987384592,0.791882443,0.987369083,0.791870135,2502.557886,2508.184305
2879.881374,2879.881374,432.8923884,587.9993353,1,0,0,1,1,1,1,0.791882443,0.581720436,0.791870135,0.581757971,4651.768427,4657.033449
2879.881374,2879.881374,587.9993353,1000,1,0,0,1,1,1,1,0.581720436,0.342679306,0.581757971,0.342688706,12985.64352,12988.34704
3174.756402,3174.756402,125.9537946,132.0758175,1,0,0,1,1,1,1,6.033740831,4.493185062,6.033038033,4.492979498,630.8126839,643.6387363
3174.756402,3174.756402,132.0758175,138.9362327,1,0,0,1,1,1,1,4.493185062,3.799164956,4.492979498,3.799040218,434.672589,428.0636423
3174.756402,3174.756402,138.9362327,146.6902676,1,0,0,1,1,1,1,3.799164956,3.327365606,3.799040218,3.32727593,395.7673215,386.8627059
3174.756402,3174.756402,146.6902676,155.541526,1,0,0,1,1,1,1,3.327365606,2.960943667,3.32727593,2.960874042,393.8420712,385.2854891
3174.756402,3174.756402,155.541526,165.7628218,1,0,0,1,1,1,1,2.960943667,2.655259044,2.960874042,2.655202622,412.2962177,404.9013191
3174.756402,3174.756402,165.7628218,177.7289481,1,0,0,1,1,1,1,2.655259044,2.388078196,2.655202622,2.388031275,448.0546026,442.161541
3174.756402,3174.756402,177.7289481,191.9702921,1,0,0,1,1,1,1,2.388078196,2.146456331,2.388031275,2.146416692,503.0460548,498.8398642
3174.756402,3174.756402,191.9702921,209.264784,1,0,0,1,1,1,1,2.146456331,1.921948937,2.146416692,1.921915162,583.1736461,580.7757453
3174.756402,3174.756402,209.264784,230.8048858,1,0,0,1,1,1,1,1.921948937,1.708475189,1.921915162,1.708446336,699.8004712,699.2897023
3174.756402,3174.756402,230.8048858,258.5233119,1,0,0,1,1,1,1,1.708475189,1.501193933,1.708446336,1.501169369,874.1142663,875.5174156
3174.756402,3174.756402,258.5233119,295.789425,1,0,0,1,1,1,1,1.501193933,1.295784985,1.501169369,1.295764293,1147.907434,1151.167559
3174.756402,3174.756402,295.789425,349.0928852,1,0,0,1,1,1,1,1.295784985,1.08782909,1.295764293,1.087812027,1612.931489,1617.851074
3174.756402,3174.756402,349.0928852,432.8923884,1,0,0,1,1,1,1,1.08782909,0.871995839,1.087812027,0.871982318,2507.859841,2513.990126
3174.756402,3174.756402,432.8923884,587.9993353,1,0,0,1,1,1,1,0.871995839,0.640453739,0.871982318,0.640500117,4657.098974,4662.837211
3174.756402,3174.756402,587.9993353,1000,1,0,0,1,1,1,1,0.640453739,0.37735461,0.640500117,0.377366576,12991.25164,12994.22303
3502.731294,3502.731294,132.0758175,138.9362327,1,0,0,1,1,1,1,5.488110519,4.427437726,5.487771746,4.427271005,525.7410648,521.1828311
3502.731294,3502.731294,138.9362327,146.6902676,1,0,0,1,1,1,1,4.427437726,3.802552878,4.427271005,3.802441783,437.1025555,427.6450407
3502.731294,3502.731294,146.6902676,155.541526,1,0,0,1,1,1,1,3.802552878,3.346459874,3.802441783,3.346376979,419.4597922,410.0096316
3502.731294,3502.731294,155.541526,165.7628218,1,0,0,1,1,1,1,3.346459874,2.979372702,3.346376979,2.979307147,430.5380095,422.291655
3502.731294,3502.731294,165.7628218,177.7289481,1,0,0,1,1,1,1,2.979372702,2.66601584,2.979307147,2.665962213,462.115949,455.5095007
3502.731294,3502.731294,177.7289481,191.9702921,1,0,0,1,1,1,1,2.66601584,2.387349677,2.665962213,2.387304899,514.4561849,509.7058431
3502.731294,3502.731294,191.9702921,209.264784,1,0,0,1,1,1,1,2.387349677,2.131630485,2.387304899,2.131592658,592.7745389,590.0164397
3502.731294,3502.731294,209.264784,230.8048858,1,0,0,1,1,1,1,2.131630485,1.8907847,2.131592658,1.890752593,708.1058806,707.4284774
3502.731294,3502.731294,230.8048858,258.5233119,1,0,0,1,1,1,1,1.8907847,1.658646412,1.890752593,1.658619209,881.4668463,882.9025113
3502.731294,3502.731294,258.5233119,295.789425,1,0,0,1,1,1,1,1.658646412,1.429921329,1.658619209,1.429898496,1154.558593,1158.048838
3502.731294,3502.731294,295.789425,349.0928852,1,0,0,1,1,1,1,1.429921329,1.199378066,1.429898496,1.199359284,1619.090312,1624.421613
3502.731294,3502.731294,349.0928852,432.8923884,1,0,0,1,1,1,1,1.199378066,0.960881745,1.199359284,0.960866884,2513.73471,2520.411102
3502.731294,3502.731294,432.8923884,587.9993353,1,0,0,1,1,1,1,0.960881745,0.705598752,0.960866884,0.705655986,4662.997268,4669.251163
3502.731294,3502.731294,587.9993353,1000,1,0,0,1,1,1,1,0.705598752,0.415833485,0.705655986,0.415848637,12997.45898,13000.72146
3870.264056,3870.264056,132.0758175,138.9362327,1,0,0,1,1,1,1,7.143988972,5.252113247,7.143266931,5.251876622,707.2715273,709.2447736
3870.264056,3870.264056,138.9362327,146.6902676,1,0,0,1,1,1,1,5.252113247,4.384807983,5.251876622,4.384666701,497.254753,487.4891191
3870.264056,3870.264056,146.6902676,155.541526,1,0,0,1,1,1,1,4.384807983,3.803566251,4.384666701,3.803466128,452.9278267,442.4791585
3870.264056,3870.264056,155.541526,165.7628218,1,0,0,1,1,1,1,3.803566251,3.356389623,3.803466128,3.356312779,453.0896283,443.8555684
3870.264056,3870.264056,165.7628218,177.7289481,1,0,0,1,1,1,1,3.356389623,2.985336418,3.356312779,2.985274766,478.9314327,471.4920239
3870.264056,3870.264056,177.7289481,191.9702921,1,0,0,1,1,1,1,2.985336418,2.661750091,2.985274766,2.661699303,527.806267,522.4161772
3870.264056,3870.264056,191.9702921,209.264784,1,0,0,1,1,1,1,2.661750091,2.369011757,2.661699303,2.368969269,603.8383856,600.6491203
3870.264056,3870.264056,209.264784,230.8048858,1,0,0,1,1,1,1,2.369011757,2.096246398,2.368969269,2.096210592,717.5725276,716.6823123
3870.264056,3870.264056,230.8048858,258.5233119,1,0,0,1,1,1,1,2.096246398,1.835502076,2.096210592,1.835471901,889.7799847,891.2271947
3870.264056,3870.264056,258.5233119,295.789425,1,0,0,1,1,1,1,1.835502076,1.580221031,1.835471901,1.580195803,1162.033672,1165.758441
3870.264056,3870.264056,295.789425,349.0928852,1,0,0,1,1,1,1,1.580221031,1.324157857,1.580195803,1.324137161,1625.981817,1631.75344
3870.264056,3870.264056,349.0928852,432.8923884,1,0,0,1,1,1,1,1.324157857,1.060209586,1.324137161,1.060193238,2520.289071,2527.559683
3870.264056,3870.264056,432.8923884,587.9993353,1,0,0,1,1,1,1,1.060209586,0.778374361,1.060193238,0.778445015,4669.568204,4676.386764
3870.264056,3870.264056,587.9993353,1000,1,0,0,1,1,1,1,0.778374361,0.458842738,0.778445015,0.458861868,13004.37698,13007.9573
4285.670666,4285.670666,132.0758175,138.9362327,1,0,0,1,1,1,1,10.36337838,6.398384209,10.36177927,6.398020978,1070.191408,1089.270729
4285.670666,4285.670666,138.9362327,146.6902676,1,0,0,1,1,1,1,6.398384209,5.118339389,6.398020978,5.11815371,589.3010332,580.1163186
4285.670666,4285.670666,146.6902676,155.541526,1,0,0,1,1,1,1,5.118339389,4.355462064,5.11815371,4.355338977,497.8736285,486.3697751
4285.670666,4285.670666,155.541526,165.7628218,1,0,0,1,1,1,1,4.355462064,3.80105503,4.355338977,3.800963971,481.4896094,471.1092637
4285.670666,4285.670666,165.7628218,177.7289481,1,0,0,1,1,1,1,3.80105503,3.356480338,3.800963971,3.356408946,499.3256679,490.9052337
4285.670666,4285.670666,177.7289481,191.9702921,1,0,0,1,1,1,1,3.356480338,2.977551864,3.356408946,2.977493963,543.6090636,537.4589912
4285.670666,4285.670666,191.9702921,209.264784,1,0,0,1,1,1,1,2.977551864,2.640312128,2.977493963,2.640264222,616.718503,613.0076984
4285.670666,4285.670666,209.264784,230.8048858,1,0,0,1,1,1,1,2.640312128,2.329883449,2.640264222,2.329843403,728.4629209,727.2996458
4285.670666,4285.670666,230.8048858,258.5233119,1,0,0,1,1,1,1,2.329883449,2.035869306,2.329843403,2.035835757,899.2605041,900.6896278
4285.670666,4285.670666,258.5233119,295.789425,1,0,0,1,1,1,1,2.035869306,1.750048881,2.035835757,1.750020953,1170.503848,1174.464403
4285.670666,4285.670666,295.789425,349.0928852,1,0,0,1,1,1,1,1.750048881,1.464892394,1.750020953,1.464869552,1633.754407,1639.997252
4285.670666,4285.670666,349.0928852,432.8923884,1,0,0,1,1,1,1,1.464892394,1.172116286,1.464869552,1.172098275,2527.658345,2535.578257
4285.670666,4285.670666,432.8923884,587.9993353,1,0,0,1,1,1,1,1.172116286,0.860341001,1.172098275,0.860428384,4676.945081,4684.385338
4285.670666,4285.670666,587.9993353,1000,1,0,0,1,1,1,1,0.860341001,0.507314034,0.860428384,0.507338172,13012.14759,13016.07681
4759.858791,4759.858791,138.9362327,146.6902676,1,0,0,1,1,1,1,8.068845977,6.071294526,8.06826549,6.071041735,727.1291974,721.4889431
4759.858791,4759.858791,146.6902676,155.541526,1,0,0,1,1,1,1,6.071294526,5.035638099,6.071041735,5.035483679,559.2363675,546.8794343
4759.858791,4759.858791,155.541526,165.7628218,1,0,0,1,1,1,1,5.035638099,4.33384134,5.035483679,4.33373205,517.8224798,506.1482359
4759.858791,4759.858791,165.7628218,177.7289481,1,0,0,1,1,1,1,4.33384134,3.793605966,4.33373205,3.793522575,524.3991471,514.822678
4759.858791,4759.858791,177.7289481,191.9702921,1,0,0,1,1,1,1,3.793605966,3.345303099,3.793522575,3.345236676,562.5410932,555.4813837
4759.858791,4759.858791,191.9702921,209.264784,1,0,0,1,1,1,1,3.345303099,2.953761975,3.345236676,2.953707707,631.8774104,627.529767
4759.858791,4759.858791,209.264784,230.8048858,1,0,0,1,1,1,1,2.953761975,2.598300793,2.953707707,2.598255839,741.1188802,739.6034644
4759.858791,4759.858791,230.8048858,258.5233119,1,0,0,1,1,1,1,2.598300793,2.265127193,2.598255839,2.26508978,910.1767233,911.5459954
4759.858791,4759.858791,258.5233119,295.789425,1,0,0,1,1,1,1,2.265127193,1.943798191,2.26508978,1.943767194,1180.190629,1184.383172
4759.858791,4759.858791,295.789425,349.0928852,1,0,0,1,1,1,1,1.943798191,1.625132386,1.943767194,1.625107116,1642.599793,1649.346809
4759.858791,4759.858791,349.0928852,432.8923884,1,0,0,1,1,1,1,1.625132386,1.299385416,1.625107116,1.299365528,2536.017334,2544.64991
4759.858791,4759.858791,432.8923884,587.9993353,1,0,0,1,1,1,1,1.299385416,0.95353185,1.299365528,0.953640305,4685.300067,4693.428957
4759.858791,4759.858791,587.9993353,1000,1,0,0,1,1,1,1,0.95353185,0.562463124,0.953640305,0.56249363,13020.95467,13025.26914
5307.443877,5307.443877,138.9362327,146.6902676,1,0,0,1,1,1,1,10.30845968,7.336690274,10.3076992,7.336340951,873.8283535,877.3741669
5307.443877,5307.443877,146.6902676,155.541526,1,0,0,1,1,1,1,7.336690274,5.891748915,7.336340951,5.891551439,640.4752069,628.3925733
5307.443877,5307.443877,155.541526,165.7628218,1,0,0,1,1,1,1,5.891748915,4.983404634,5.891551439,4.98327164,564.4896145,551.5149451
5307.443877,5307.443877,165.7628218,177.7289481,1,0,0,1,1,1,1,4.983404634,4.31620579,4.98327164,4.316107416,555.5368833,544.6264552
5307.443877,5307.443877,177.7289481,191.9702921,1,0,0,1,1,1,1,4.31620579,3.779349972,4.316107416,3.779273209,585.476916,577.3285088
5307.443877,5307.443877,191.9702921,209.264784,1,0,0,1,1,1,1,3.779349972,3.320460202,3.779273209,3.320398376,649.918978,644.7887218
5307.443877,5307.443877,209.264784,230.8048858,1,0,0,1,1,1,1,3.320460202,2.910353173,3.320398376,2.910302477,755.9884464,754.0169069
5307.443877,5307.443877,230.8048858,258.5233119,1,0,0,1,1,1,1,2.910353173,2.53045837,2.910302477,2.530416488,922.8808654,924.1315104
5307.443877,5307.443877,258.5233119,295.789425,1,0,0,1,1,1,1,2.53045837,2.167320102,2.530416488,2.167285583,1191.384917,1195.797656
5307.443877,5307.443877,295.789425,349.0928852,1,0,0,1,1,1,1,2.167320102,1.809599662,2.167285583,1.80957162,1652.769768,1660.055313
5307.443877,5307.443877,349.0928852,432.8923884,1,0,0,1,1,1,1,1.809599662,1.445716582,1.80957162,1.445694558,2545.595701,2555.014175
5307.443877,5307.443877,432.8923884,587.9993353,1,0,0,1,1,1,1,1.445716582,1.06065042,1.445694558,1.060785754,4694.859689,4703.756523
5307.443877,5307.443877,587.9993353,1000,1,0,0,1,1,1,1,1.06065042,0.625909488,1.060785754,0.625948191,13031.041,13035.78373
5948.504699,5948.504699,146.6902676,155.541526,1,0,0,1,1,1,1,8.977907227,6.985261751,8.977454718,6.985007766,731.0209565,722.4469691
5948.504699,5948.504699,155.541526,165.7628218,1,0,0,1,1,1,1,6.985261751,5.789299242,6.985007766,5.789135484,622.6166037,608.8639737
5948.504699,5948.504699,165.7628218,177.7289481,1,0,0,1,1,1,1,5.789299242,4.951354143,5.789135484,4.951236901,594.1729284,581.8399223
5948.504699,5948.504699,177.7289481,191.9702921,1,0,0,1,1,1,1,4.951354143,4.299536203,4.951236901,4.29944676,613.4745336,604.0468809
5948.504699,5948.504699,191.9702921,209.264784,1,0,0,1,1,1,1,4.299536203,3.755678859,4.29944676,3.755607951,671.6153852,665.5242827
5948.504699,5948.504699,209.264784,230.8048858,1,0,0,1,1,1,1,3.755678859,3.278171539,3.755607951,3.278114049,773.6585665,771.0952086
5948.504699,5948.504699,230.8048858,258.5233119,1,0,0,1,1,1,1,3.278171539,2.841671319,3.278114049,2.841624208,937.839768,938.8893557
5948.504699,5948.504699,258.5233119,295.789425,1,0,0,1,1,1,1,2.841671319,2.428587602,2.841624208,2.428548997,1204.47457,1209.08326
5948.504699,5948.504699,295.789425,349.0928852,1,0,0,1,1,1,1,2.428587602,2.024720616,2.428548997,2.024689376,1664.601134,1672.459609
5948.504699,5948.504699,349.0928852,432.8923884,1,0,0,1,1,1,1,2.024720616,1.616143398,2.024689376,1.616118917,2556.701317,2566.990658
5948.504699,5948.504699,432.8923884,587.9993353,1,0,0,1,1,1,1,1.616143398,1.185377738,1.616118917,1.185547891,4705.928434,4715.688175
5948.504699,5948.504699,587.9993353,1000,1,0,0,1,1,1,1,1.185377738,0.699862931,1.185547891,0.69991235,13042.73441,13047.95686
6711.455672,6711.455672,155.541526,165.7628218,1,0,0,1,1,1,1,8.370423872,6.802366532,8.370108241,6.802164529,687.0191303,674.3142745
6711.455672,6711.455672,165.7628218,177.7289481,1,0,0,1,1,1,1,6.802366532,5.73637687,6.802164529,5.73623601,640.7669838,627.2751114
6711.455672,6711.455672,177.7289481,191.9702921,1,0,0,1,1,1,1,5.73637687,4.933663067,5.73623601,4.933557983,647.5735399,636.7354599
6711.455672,6711.455672,191.9702921,209.264784,1,0,0,1,1,1,1,4.933663067,4.280869912,4.933557983,4.280787986,697.8918387,690.6418065
6711.455672,6711.455672,209.264784,230.8048858,1,0,0,1,1,1,1,4.280869912,3.718779693,4.280787986,3.718714076,794.88532,791.5580319
6711.455672,6711.455672,230.8048858,258.5233119,1,0,0,1,1,1,1,3.718779693,3.212509188,3.718714076,3.212455891,955.6746936,956.4087912
6711.455672,6711.455672,258.5233119,295.789425,1,0,0,1,1,1,1,3.212509188,2.738758026,3.212455891,2.738714624,1219.984191,1224.745477
6711.455672,6711.455672,295.789425,349.0928852,1,0,0,1,1,1,1,2.738758026,2.279482487,2.738714624,2.279447513,1678.553407,1687.016645
6711.455672,6711.455672,349.0928852,432.8923884,1,0,0,1,1,1,1,2.279482487,1.81770612,2.279447513,1.817678775,2569.756438,2581.015477
6711.455672,6711.455672,432.8923884,587.9993353,1,0,0,1,1,1,1,1.81770612,1.332868085,1.817678775,1.333084197,4718.925852,4729.663543
6711.455672,6711.455672,587.9993353,1000,1,0,0,1,1,1,1,1.332868085,0.78742591,1.333084197,0.787489611,13056.48941,13062.254
7637.972817,7637.972817,155.541526,165.7628218,1,0,0,1,1,1,1,10.03496913,8.074715812,10.03461369,8.074472568,739.7655042,731.4109089
7637.972817,7637.972817,165.7628218,177.7289481,1,0,0,1,1,1,1,8.074715812,6.720399258,8.074472568,6.720230047,692.0402147,678.5451351
7637.972817,7637.972817,177.7289481,191.9702921,1,0,0,1,1,1,1,6.720399258,5.720744983,6.720230047,5.720620772,688.0467336,675.9277036
7637.972817,7637.972817,191.9702921,209.264784,1,0,0,1,1,1,1,5.720744983,4.92674144,5.720620772,4.926646091,729.6560515,721.0863275
7637.972817,7637.972817,209.264784,230.8048858,1,0,0,1,1,1,1,4.92674144,4.256700588,4.926646091,4.256625158,820.5890752,816.2963976
7637.972817,7637.972817,230.8048858,258.5233119,1,0,0,1,1,1,1,4.256700588,3.662805159,4.256625158,3.662744455,977.2047033,977.4687957
7637.972817,7637.972817,258.5233119,295.789425,1,0,0,1,1,1,1,3.662805159,3.113940824,3.662744455,3.113891718,1238.631108,1243.473102
7637.972817,7637.972817,295.789425,349.0928852,1,0,0,1,1,1,1,3.113940824,2.586866353,3.113891718,2.586826955,1695.266706,1704.359249
7637.972817,7637.972817,349.0928852,432.8923884,1,0,0,1,1,1,1,2.586866353,2.060581933,2.586826955,2.060551202,2585.35549,2597.699155
7637.972817,7637.972817,432.8923884,587.9993353,1,0,0,1,1,1,1,2.060581933,1.51058526,2.060551202,1.510863466,4734.447144,4746.303983
7637.972817,7637.972817,587.9993353,1000,1,0,0,1,1,1,1,1.51058526,0.893106042,1.510863466,0.893189236,13072.95617,13079.33978
8791.939856,8791.939856,165.7628218,177.7289481,1,0,0,1,1,1,1,9.628307351,7.959745023,9.628033692,7.959545799,737.1172718,726.0762836
8791.939856,8791.939856,177.7289481,191.9702921,1,0,0,1,1,1,1,7.959745023,6.714203811,7.959545799,6.714057185,732.4821405,719.8981218
8791.939856,8791.939856,191.9702921,209.264784,1,0,0,1,1,1,1,6.714203811,5.737797787,6.714057185,5.737686255,767.1788741,757.3364932
8791.939856,8791.939856,209.264784,230.8048858,1,0,0,1,1,1,1,5.737797787,4.928230741,5.737686255,4.928143418,851.709818,846.2680791
8791.939856,8791.939856,230.8048858,258.5233119,1,0,0,1,1,1,1,4.928230741,4.222164499,4.928143418,4.222094837,1003.464242,1003.064486
8791.939856,8791.939856,258.5233119,295.789425,1,0,0,1,1,1,1,4.222164499,3.57827489,4.222094837,3.578218905,1261.397247,1266.208175
8791.939856,8791.939856,295.789425,349.0928852,1,0,0,1,1,1,1,3.57827489,2.966366969,3.578218905,2.966322249,1715.650842,1725.382005
8791.939856,8791.939856,349.0928852,432.8923884,1,0,0,1,1,1,1,2.966366969,2.360085543,2.966322249,2.36005074,2604.360264,2617.921621
8791.939856,8791.939856,432.8923884,587.9993353,1,0,0,1,1,1,1,2.360085543,1.729790926,2.36005074,1.730155502,4753.366421,4766.518315
8791.939856,8791.939856,587.9993353,1000,1,0,0,1,1,1,1,1.729790926,1.023733967,1.730155502,1.023844593,13093.10064,13100.2
10276.89803,10276.89803,177.7289481,191.9702921,1,0,0,1,1,1,1,9.498766826,7.981467044,9.498544882,7.981297223,772.8581508,761.7557956
10276.89803,10276.89803,191.9702921,209.264784,1,0,0,1,1,1,1,7.981467044,6.778246433,7.981297223,6.778116269,808.4770838,797.9986796
10276.89803,10276.89803,209.264784,230.8048858,1,0,0,1,1,1,1,6.778246433,5.788455027,6.778116269,5.788353468,888.6317256,882.0329995
10276.89803,10276.89803,230.8048858,258.5233119,1,0,0,1,1,1,1,5.788455027,4.936495203,5.788353468,4.936414665,1035.586346,1034.328242
10276.89803,10276.89803,258.5233119,295.789425,1,0,0,1,1,1,1,4.936495203,4.169574395,4.936414665,4.169510019,1289.59299,1294.21524
10276.89803,10276.89803,295.789425,349.0928852,1,0,0,1,1,1,1,4.169574395,3.448696401,4.169510019,3.448645171,1741.018233,1751.370559
10276.89803,10276.89803,349.0928852,432.8923884,1,0,0,1,1,1,1,3.448696401,2.740442857,3.448645171,2.740403055,2628.061458,2642.993048
10276.89803,10276.89803,432.8923884,587.9993353,1,0,0,1,1,1,1,2.740442857,2.008374633,2.740403055,2.008863907,4777.021874,4791.691897
10276.89803,10276.89803,587.9993353,1000,1,0,0,1,1,1,1,2.008374633,1.190223168,2.008863907,1.190373951,13118.42676,13126.36708
12273.35407,12273.35407,191.9702921,209.264784,1,0,0,1,1,1,1,9.592614747,8.137029758,9.592428012,8.136880907,846.5715731,837.1590884
12273.35407,12273.35407,209.264784,230.8048858,1,0,0,1,1,1,1,8.137029758,6.922326874,8.136880907,6.922209168,929.5563471,922.3575308
12273.35407,12273.35407,230.8048858,258.5233119,1,0,0,1,1,1,1,6.922326874,5.879988791,6.922209168,5.879895244,1074.207826,1072.056662
12273.35407,12273.35407,258.5233119,295.789425,1,0,0,1,1,1,1,5.879988791,4.950335741,5.879895244,4.950261071,1324.791341,1329.053284
12273.35407,12273.35407,295.789425,349.0928852,1,0,0,1,1,1,1,4.950335741,4.085231223,4.950261071,4.085171898,1773.255039,1784.175386
12273.35407,12273.35407,349.0928852,432.8923884,1,0,0,1,1,1,1,4.085231223,3.242501143,4.085171898,3.242455059,2658.457496,2674.932508
12273.35407,12273.35407,432.8923884,587.9993353,1,0,0,1,1,1,1,3.242501143,2.376706338,3.242455059,2.377384636,4807.567802,4824.045785
12273.35407,12273.35407,587.9993353,1000,1,0,0,1,1,1,1,2.376706338,1.411250973,2.377384636,1.411463726,13151.41909,13160.37018
15128.97828,15128.97828,209.264784,230.8048858,1,0,0,1,1,1,1,9.925661263,8.460203829,9.925500332,8.460070734,967.3666048,961.2463711
15128.97828,15128.97828,230.8048858,258.5233119,1,0,0,1,1,1,1,8.460203829,7.177569835,8.460070734,7.177461774,1117.521821,1115.058678
15128.97828,15128.97828,258.5233119,295.789425,1,0,0,1,1,1,1,7.177569835,6.030739662,7.177461774,6.030652607,1368.153814,1372.05466
15128.97828,15128.97828,295.789425,349.0928852,1,0,0,1,1,1,1,6.030739662,4.968810063,6.030652607,4.968740587,1814.898097,1826.332233
15128.97828,15128.97828,349.0928852,432.8923884,1,0,0,1,1,1,1,4.968810063,3.941199134,4.968740587,3.94114496,2698.721297,2716.945033
15128.97828,15128.97828,432.8923884,587.9993353,1,0,0,1,1,1,1,3.941199134,2.891153662,3.94114496,2.892138041,4848.689363,4867.368845
15128.97828,15128.97828,587.9993353,1000,1,0,0,1,1,1,1,2.891153662,1.72190226,2.892138041,1.722217933,13196.5125,13206.72648
19618.36583,19618.36583,230.8048858,258.5233119,1,0,0,1,1,1,1,10.59607909,9.047198989,10.59593893,9.047078483,1156.887176,1156.043224
19618.36583,19618.36583,258.5233119,295.789425,1,0,0,1,1,1,1,9.047198989,7.62069914,9.047078483,7.620598652,1417.615978,1421.962169
19618.36583,19618.36583,295.789425,349.0928852,1,0,0,1,1,1,1,7.62069914,6.285270988,7.620598652,6.285189123,1868.33978,1880.503651
19618.36583,19618.36583,349.0928852,432.8923884,1,0,0,1,1,1,1,6.285270988,4.991100269,6.285189123,4.991035508,2753.80336,2774.11194
19618.36583,19618.36583,432.8923884,587.9993353,1,0,0,1,1,1,1,4.991100269,3.670469079,4.991035508,3.671997391,4907.148814,4928.63033
19618.36583,19618.36583,587.9993353,1000,1,0,0,1,1,1,1,3.670469079,2.197549989,3.671997391,2.198056225,13262.50042,13274.43691
27927.90431,27927.90431,295.789425,349.0928852,1,0,0,1,1,1,1,10.16184246,8.463949339,10.16173355,8.463855049,1930.761777,1945.258554
27927.90431,27927.90431,349.0928852,432.8923884,1,0,0,1,1,1,1,8.463949339,6.771816849,8.463855049,6.771738851,2829.792069,2853.30059
27927.90431,27927.90431,432.8923884,587.9993353,1,0,0,1,1,1,1,6.771816849,5.01908208,6.771738851,5.021718176,4996.175563,5021.7575
27927.90431,27927.90431,587.9993353,1000,1,0,0,1,1,1,1,5.01908208,3.038578534,5.021718176,3.039505809,13369.6468,13384.62984
50000,50000,432.8923884,587.9993353,1,0,0,1,1,1,1,10.54673379,8.053415042,10.54664705,8.058766104,5141.458131,5175.912562
50000,50000,587.9993353,1000,1,0,0,1,1,1,1,8.053415042,5.046019405,8.058766104,5.048245553,13577.41635,13603.70172
